# Max2Obj Version 4.0 Mar 10th, 2001
#
# object Object__0 to come ...
#
v  -6.813175 54.854218 11.742105
v  -7.029237 50.742020 11.772458
v  -0.000003 54.746342 11.840490
v  -0.000000 44.553844 -7.271952
v  0.000001 48.953049 -10.775251
v  2.732494 49.103443 -10.016040
v  0.000004 75.724251 15.511112
v  -4.277078 80.221489 13.285292
v  -5.194005 75.491180 14.620602
v  6.856363 69.793556 -7.633013
v  9.040100 68.990402 -6.325929
v  9.752224 65.006950 -6.858408
v  4.873927 45.920773 -7.908801
v  7.957818 50.081787 -8.839271
v  12.614816 39.705036 -7.567384
v  14.396703 48.654625 0.683784
v  11.791865 45.737305 8.192268
v  16.161541 36.718506 4.099284
v  -11.146789 76.163620 2.963166
v  -11.427024 69.903008 10.370494
v  -10.802498 75.512047 12.857889
v  -4.230857 58.553818 -10.822376
v  -0.000014 65.046715 -11.261509
v  -0.000010 58.689247 -11.762374
v  11.427024 69.903008 10.370494
v  11.146789 76.163620 2.963135
v  10.802498 75.512047 12.857850
v  -4.848573 82.348251 5.002513
v  -5.762193 80.718338 0.995328
v  -7.076009 85.597458 0.964982
v  -3.929795 33.395405 -3.259157
v  -5.938767 37.449844 -7.681991
v  -1.209442 42.725502 -2.706213
v  -14.397215 48.654625 0.683765
v  -16.162014 36.718628 4.099521
v  -11.792141 45.737305 8.192820
v  -10.532537 54.339260 7.948608
v  -13.155289 52.668396 -0.621051
v  -10.245924 50.113678 8.643921
v  -13.548437 63.483723 1.324799
v  -13.133516 67.851433 1.474402
v  -12.784934 64.082153 -4.857034
v  13.154815 52.667999 -0.620961
v  10.532458 54.339260 7.948490
v  10.245845 50.113678 8.643723
v  13.133516 67.851433 1.474335
v  13.548437 63.483723 1.324744
v  12.784934 64.082153 -4.857113
v  -2.831124 76.928581 -1.915607
v  -2.445070 81.684868 -1.639414
v  -1.314096 80.982506 -1.980851
v  2.445023 81.684868 -1.639414
v  3.465509 82.952194 -0.385958
v  3.874295 78.941177 0.866911
v  -5.396367 19.760628 4.578613
v  -9.340571 12.447691 8.545889
v  -9.685689 11.603559 3.622552
v  -18.083153 9.890924 -2.337920
v  -22.306095 5.525815 2.283444
v  -20.081848 11.410961 3.366281
v  5.396445 19.760668 4.578574
v  9.685689 11.603559 3.622572
v  9.340611 12.447691 8.545849
v  18.083153 9.890924 -2.337873
v  20.081808 11.410961 3.366297
v  22.306057 5.525815 2.283476
v  4.572943 72.251823 -9.130332
v  4.518101 75.143547 -7.806358
v  8.983328 74.692757 -8.129823
v  -9.040139 68.990402 -6.325890
v  -6.856363 69.793556 -7.632974
v  -9.752224 65.006950 -6.858368
v  2.522522 44.517624 8.538842
v  6.128609 34.826267 8.989865
v  6.707427 45.405025 10.168997
v  -6.128294 34.826267 8.990456
v  -0.362090 42.371174 4.632118
v  -2.522089 44.517624 8.539473
v  -13.946860 22.083614 13.222808
v  -10.894898 26.006483 9.752028
v  -15.520441 26.448055 9.946516
v  -12.058990 17.235949 -0.834190
v  -7.345221 20.739838 0.912849
v  13.946860 22.083576 13.222730
v  15.520402 26.448055 9.946437
v  10.894898 26.006483 9.751988
v  7.345260 20.739838 0.912865
v  12.058990 17.235949 -0.834159
v  -0.000012 89.033279 4.451412
v  2.566987 92.117531 3.032053
v  -0.000012 91.901382 3.814528
v  -4.016370 87.831711 -2.360641
v  -3.364241 90.002968 -4.669593
v  -3.514095 87.464386 -4.655419
v  -4.026212 87.300606 5.782945
v  -0.000003 87.756508 6.755541
v  0.000003 80.412430 14.171156
v  0.000022 65.374275 12.809583
v  8.786754 64.826241 12.235450
v  9.361201 69.059303 13.030449
v  12.300605 67.784897 8.010380
v  -17.206343 12.903359 -1.410441
v  -15.789141 17.935986 -1.263008
v  -15.401385 31.013872 2.762791
v  -12.077613 26.671085 0.631831
v  -15.419889 27.997303 -2.552147
v  17.206343 12.903359 -1.410398
v  15.789102 17.936026 -1.262977
v  15.401346 31.013872 2.762779
v  15.419850 27.997303 -2.552119
v  12.077613 26.671085 0.631838
v  -6.707309 45.405025 10.169744
v  -13.695562 36.270672 7.999079
v  -5.932035 31.908676 -4.809516
v  -9.957145 32.818516 -5.865499
v  13.695247 36.270596 7.998528
v  5.932389 31.908752 -4.809044
v  5.939043 37.449924 -7.681321
v  9.957184 32.818516 -5.864947
v  -18.590710 15.554062 12.251787
v  -20.931728 19.942833 9.192502
v  -20.949602 12.579423 9.078446
v  -10.047341 9.388759 14.048081
v  -15.737290 9.260925 18.238703
v  -9.619075 6.433805 14.380128
v  18.590710 15.554062 12.251747
v  20.949564 12.579423 9.078407
v  20.931688 19.942833 9.192462
v  10.047380 9.388759 14.048041
v  9.619153 6.433805 14.380089
v  15.737329 9.260885 18.238623
v  -7.957897 50.081787 -8.839980
v  -16.098511 46.867619 -3.673459
v  -13.828908 52.614853 -3.793549
v  -8.130889 57.620354 -6.636874
v  -4.239598 65.138054 -10.784266
v  25.369946 69.400246 10.263762
v  19.518780 73.454575 10.034274
v  18.631182 70.589622 10.484430
v  10.505056 71.472687 3.860881
v  10.379151 70.501434 9.612620
v  8.358132 74.878975 3.630646
v  -25.370106 69.400642 10.264509
v  -18.631144 70.589622 10.484549
v  -19.518780 73.454575 10.034352
v  -10.504978 71.472687 3.860881
v  -8.358093 74.878975 3.630649
v  -10.379034 70.501434 9.612740
v  -12.300565 67.784897 8.010420
v  0.000030 69.095131 13.959146
v  7.160694 80.432907 -6.139275
v  7.567150 83.523445 -3.107234
v  12.312337 80.552193 -5.488568
v  4.092157 78.716377 -4.680381
v  -24.075737 69.345131 0.256494
v  -22.294954 72.245522 0.272649
v  -20.998932 70.258904 -1.551124
v  -12.646587 71.017967 3.860298
v  -13.907413 70.189621 8.612387
v  -18.474844 67.030174 3.855271
v  24.075737 69.345131 0.256619
v  20.998932 70.258904 -1.550970
v  22.294914 72.245522 0.272762
v  12.646667 71.017967 3.860310
v  18.474922 67.030571 3.855306
v  13.907491 70.189621 8.612268
v  4.012472 92.580910 -1.065777
v  3.609449 92.321457 -4.194357
v  -0.000012 93.178940 -0.920864
v  3.364222 90.002968 -4.669593
v  4.016330 87.831711 -2.360641
v  3.514067 87.464386 -4.655419
v  -30.819740 66.227028 10.488604
v  -33.303909 67.443565 5.181725
v  -37.951454 62.146721 8.441561
v  -34.998158 57.257755 10.703406
v  -37.874451 58.793190 10.933169
v  -34.996777 58.639645 -1.515282
v  30.819265 66.226639 10.486911
v  37.950829 62.145935 8.440418
v  33.303040 67.441986 5.181921
v  34.998707 57.258541 10.701437
v  34.997330 58.640434 -1.512841
v  37.874371 58.793190 10.931083
v  -4.518140 75.143547 -7.806319
v  -4.572983 72.251823 -9.130293
v  -8.983368 74.692757 -8.129784
v  -7.567150 83.523445 -3.107222
v  -7.160694 80.432907 -6.139275
v  -12.312337 80.552193 -5.488568
v  13.828396 52.614853 -3.793214
v  16.097879 46.867619 -3.673112
v  8.130849 57.620354 -6.636874
v  4.230857 58.553818 -10.822376
v  4.239558 65.138054 -10.784266
v  5.823216 47.566830 10.409075
v  7.029237 50.742020 11.772222
v  -0.000002 47.412895 10.752500
v  2.838742 44.771561 7.834041
v  2.321558 85.673050 3.845582
v  5.602036 82.159279 5.859401
v  3.692480 84.861633 0.914207
v  -3.874315 78.941177 0.866923
v  -6.657624 80.276207 1.229493
v  -3.465560 82.952194 -0.385959
v  -32.857296 57.944370 7.799435
v  -32.361782 58.029800 2.546856
v  -27.378645 60.423893 2.733552
v  -37.267090 63.349079 4.035112
v  -36.543388 62.625065 0.074047
v  -39.689285 60.206570 0.202645
v  32.858044 57.945553 7.798569
v  27.379707 60.425072 2.734658
v  32.362652 58.030983 2.547887
v  37.266418 63.347904 4.035546
v  39.688892 60.205784 0.204381
v  36.543037 62.624279 0.075933
v  -25.149317 72.064026 13.755250
v  -18.995668 73.493546 11.640805
v  -20.929838 74.772682 9.961439
v  -24.064873 62.612865 6.925776
v  -30.283480 69.710091 10.899035
v  -29.561987 70.300644 6.904083
v  25.148531 72.063240 13.752572
v  20.929169 74.771896 9.960298
v  18.995434 73.493546 11.639073
v  24.065935 62.614437 6.925500
v  29.561079 70.299461 6.903769
v  30.282497 69.708916 10.897264
v  15.671543 11.519464 5.591958
v  17.806892 8.164314 -2.798738
v  13.509854 8.225141 -2.758045
v  9.723484 0.276322 -1.572670
v  22.527630 0.295556 -1.476670
v  10.390648 0.283455 11.419268
v  -15.671543 11.519464 5.591958
v  -13.509854 8.225141 -2.758049
v  -17.806892 8.164314 -2.798742
v  -9.723484 0.276325 -1.572666
v  -10.390648 0.283460 11.419268
v  -22.527630 0.295561 -1.476666
v  -2.145618 87.441154 2.927348
v  -3.885508 89.565170 1.716158
v  -3.290312 87.015175 1.684583
v  -3.609465 92.321068 -4.194357
v  -3.914626 90.107292 -1.226490
v  -4.012511 92.580910 -1.065773
v  -10.737104 83.580147 7.067312
v  -11.451944 80.061256 2.977982
v  -9.315374 80.905739 7.404201
v  -0.000005 89.041153 10.868839
v  0.000004 84.513603 12.570844
v  6.591404 88.188400 9.272189
v  -0.000002 61.372704 12.024427
v  6.882191 57.595947 10.628879
v  7.161875 61.347118 10.798209
v  12.509108 55.499489 -3.074905
v  12.621588 60.112476 0.773895
v  12.287298 56.932556 4.667473
v  6.938214 84.333679 11.192343
v  10.737104 83.580147 7.067312
v  9.160060 87.007690 6.329518
v  -0.980592 84.497070 -5.412111
v  -1.771874 82.919907 -4.816483
v  -2.378574 84.917542 -5.275891
v  3.914386 85.834076 -1.969969
v  2.928179 83.586441 -3.539328
v  3.737028 85.706520 -4.147468
v  -19.145393 25.023884 8.230456
v  -17.195831 20.807280 -0.468211
v  -21.783262 19.321495 3.270573
v  -16.829178 26.096008 -0.219978
v  19.145353 25.023846 8.230417
v  17.195791 20.807280 -0.468187
v  16.829140 26.096008 -0.219966
v  21.783182 19.321495 3.270581
v  24.731604 70.988441 2.359431
v  22.576448 73.273865 7.810420
v  26.601637 70.361275 6.475462
v  13.824814 76.891571 -1.703666
v  11.057693 73.740005 -2.807400
v  10.802300 76.427010 -1.858493
v  -24.731642 70.988441 2.359357
v  -26.601913 70.361664 6.475501
v  -22.576448 73.274261 7.810460
v  -13.824814 76.891571 -1.703788
v  -10.802261 76.427010 -1.858607
v  -11.057614 73.740005 -2.807542
v  -11.079111 30.074663 -3.239090
v  -7.454827 29.184351 -1.521216
v  -9.268878 26.215576 -0.171504
v  -9.493760 26.936558 5.953768
v  -7.392898 33.915089 5.867391
v  -13.402334 35.285793 5.867391
v  11.079111 30.074663 -3.238894
v  9.268878 26.215614 -0.171491
v  7.454984 29.184389 -1.521086
v  9.493760 26.936558 5.953729
v  13.402099 35.285713 5.867036
v  7.393135 33.915089 5.867036
v  -9.299272 6.058609 1.900142
v  -8.174826 8.177305 7.840457
v  9.299312 6.058649 1.900177
v  8.174865 8.177305 7.840457
v  5.762153 80.718338 0.995313
v  -0.000006 77.345901 1.959086
v  4.848573 82.348251 5.002513
v  7.076009 85.597458 0.964970
v  -26.933250 61.255779 9.351559
v  -33.906742 63.826637 12.658993
v  -36.879887 60.645939 10.759075
v  26.934118 61.257351 9.350298
v  33.906231 63.826248 12.656394
v  36.879608 60.645939 10.757068
v  -23.399479 66.657738 9.514866
v  -22.317120 66.941589 0.568037
v  23.399715 66.658127 9.514235
v  22.317158 66.941589 0.568155
v  -10.192813 32.643948 3.342774
v  -14.157412 32.166550 6.394319
v  -15.077371 31.770130 2.709303
v  -16.331974 37.130356 0.515686
v  10.192813 32.643948 3.342617
v  15.077055 31.770052 2.709201
v  14.157137 32.166470 6.393926
v  16.331461 37.130238 0.515756
v  -12.621627 60.112476 0.773899
v  -12.294030 59.262871 -3.185884
v  -12.509108 55.499489 -3.074901
v  -3.930177 54.529808 -10.002537
v  -9.646083 53.964848 -7.235651
v  -9.816319 57.637672 -7.784745
v  12.294030 59.262871 -3.185881
v  9.646083 53.964848 -7.235651
v  3.930173 54.529808 -10.002537
v  9.816319 57.637672 -7.784745
v  -5.103100 33.301033 -1.912546
v  -1.880630 42.678650 -1.735042
v  0.362715 42.371567 4.631804
v  1.881134 42.678650 -1.734841
v  5.103494 33.301113 -1.912298
v  -7.061442 25.922073 -1.843153
v  -9.270926 23.555029 -4.500068
v  -6.910222 27.908367 -5.853845
v  -14.178199 23.547747 -2.318486
v  7.061481 25.922073 -1.843125
v  6.910261 27.908367 -5.853806
v  9.270926 23.555029 -4.500029
v  14.178199 23.547747 -2.318459
v  -29.583324 70.171509 5.516724
v  -28.632462 68.327812 10.419903
v  -26.803684 65.334908 0.412388
v  -29.497812 63.930180 1.286736
v  -35.704533 62.262863 0.903528
v  -31.707100 66.024666 2.525604
v  29.582420 70.170326 5.516921
v  26.804039 65.334908 0.414411
v  28.631908 68.327019 10.418328
v  29.498051 63.930180 1.288362
v  31.706707 66.023880 2.526762
v  35.704296 62.262470 0.905131
v  10.453994 4.239282 10.888048
v  21.259563 3.818629 11.308047
v  21.280821 0.311625 11.505724
v  -10.453994 4.239322 10.888048
v  -21.259563 3.818634 11.308047
v  -21.280821 0.311634 11.505724
v  35.965832 53.239258 5.487865
v  38.876099 51.969185 9.697778
v  36.797405 53.686897 9.332778
v  43.012901 55.008945 4.983260
v  38.820313 60.035702 1.334976
v  38.251377 60.606564 8.295813
v  -35.966064 53.239258 5.487865
v  -36.797642 53.686897 9.332502
v  -38.876339 51.969185 9.697462
v  -43.012901 55.008945 4.983221
v  -38.251339 60.606564 8.295615
v  -38.820194 60.035702 1.335205
v  -12.287298 56.932556 4.667473
v  -0.000002 57.822712 12.009269
v  -6.882191 57.595947 10.628879
v  -1.464796 46.219982 -2.363718
v  -4.919360 46.584942 -5.621916
v  -3.376320 50.405018 -6.677661
v  -8.132267 54.008156 -5.698726
v  -7.560023 50.474697 -6.494394
v  -17.604017 67.100258 8.132585
v  -19.896967 65.644753 11.212774
v  -19.883108 64.790024 6.516210
v  -21.845821 74.882523 8.325065
v  17.605082 67.101830 8.132072
v  19.884329 64.791992 6.516171
v  19.897991 65.646324 11.211082
v  21.845072 74.881737 8.324434
v  11.873519 68.387657 2.225719
v  10.090255 69.475052 -4.658964
v  11.870251 70.822685 -2.269047
v  7.524630 70.997490 -8.490531
v  9.697145 70.191589 -6.690731
v  -20.385784 9.899152 13.919578
v  -23.254045 2.327896 10.620608
v  -23.713732 1.807476 5.720815
v  -8.658605 2.795293 10.686041
v  20.385746 9.899113 13.919538
v  23.254007 2.327888 10.620608
v  8.658683 2.795297 10.686002
v  23.713690 1.807476 5.720854
v  -14.808120 32.697411 -2.680887
v  -10.509072 31.994854 -3.436810
v  -3.706819 32.982727 5.066723
v  10.509111 31.994894 -3.436436
v  14.807804 32.697372 -2.680572
v  3.707331 32.982803 5.066448
v  -11.873519 68.387657 2.225774
v  -11.870251 70.822685 -2.269020
v  -10.090294 69.475052 -4.658885
v  -7.524669 70.997490 -8.490492
v  -9.697145 70.191589 -6.690692
v  -39.671963 54.429020 -0.457650
v  -43.556602 55.444370 0.770170
v  -35.113079 58.076260 5.540424
v  -34.600559 55.504215 2.294525
v  -34.869812 58.969955 1.872101
v  43.556602 55.444370 0.769934
v  39.671963 54.429020 -0.458016
v  35.112961 58.076260 5.540424
v  34.869770 58.969955 1.871857
v  34.600361 55.503822 2.294293
v  -13.819854 79.373856 6.458415
v  -9.569271 79.467552 6.578966
v  -15.395795 79.373459 2.763301
v  -9.555610 77.502594 9.961518
v  13.819854 79.373856 6.458336
v  15.395795 79.373459 2.763329
v  9.569271 79.467552 6.578887
v  9.555650 77.502594 9.961362
v  11.653716 81.704948 11.123958
v  13.518909 80.750229 4.622356
v  20.426493 81.494713 10.114984
v  21.389679 81.245499 0.412499
v  12.569659 82.827393 -2.464613
v  20.861689 84.800613 7.150029
v  -20.426571 81.495110 10.115062
v  -13.518949 80.750229 4.622396
v  -11.653716 81.704948 11.124075
v  -12.569738 82.827393 -2.464680
v  -21.389759 81.245499 0.412467
v  -20.861809 84.800613 7.150107
v  -0.000011 73.598663 -8.537618
v  -0.000007 76.105354 -7.445690
v  2.223586 73.898666 -8.448326
v  -14.121624 29.097576 6.470815
v  -10.259900 28.377380 6.605933
v  14.121585 29.097576 6.470776
v  10.259900 28.377380 6.605893
v  -16.600084 48.642025 0.255300
v  -17.324375 38.184921 -0.189223
v  16.599375 48.641632 0.255387
v  17.323782 38.184803 -0.189109
v  -4.092157 78.716377 -4.680381
v  -6.401128 80.164009 -2.194149
v  3.595186 50.235329 -8.298564
v  -0.000005 54.379414 -11.592139
v  3.474898 54.529808 -10.832890
v  -11.270489 15.117409 11.551748
v  -7.450181 21.579758 9.968800
v  -14.727489 15.786974 12.225449
v  -17.695673 14.422174 11.005726
v  -15.539377 10.704741 14.583671
v  7.450221 21.579720 9.968760
v  11.270489 15.117409 11.551709
v  14.727489 15.786935 12.225410
v  15.539377 10.704741 14.583592
v  17.695633 14.422135 11.005687
v  -14.817961 27.773407 5.953769
v  -14.533435 34.575794 1.922439
v  -15.732211 28.212383 2.858279
v  -7.975653 26.536362 2.553638
v  -6.631679 31.999029 1.676746
v  14.817961 27.773407 5.953730
v  15.732211 28.212383 2.858263
v  14.533080 34.575718 1.922387
v  6.631994 31.999107 1.676707
v  7.975692 26.536362 2.553630
v  -1.499288 44.642818 -6.418292
v  -3.595189 50.235329 -8.298564
v  0.682479 45.631401 6.131761
v  -0.000003 45.713291 -0.236505
v  1.464788 46.219982 -2.363718
v  -5.602036 82.159279 5.859401
v  -2.321574 85.673050 3.845579
v  -3.692512 84.861633 0.914207
v  -0.000007 82.515579 7.028336
v  39.081573 50.722729 4.122632
v  42.023533 51.780209 4.284482
v  -42.023533 51.780209 4.284521
v  -39.081768 50.723125 4.122710
v  -34.548275 59.121925 10.366202
v  -33.176979 60.301846 14.080170
v  -28.436161 63.507740 10.806044
v  -31.398438 61.606956 12.517142
v  34.548550 59.122322 10.364390
v  33.177177 60.302238 14.077060
v  28.436438 63.508530 10.804272
v  31.398636 61.607742 12.514662
v  2.831100 76.928581 -1.915615
v  -21.910938 68.367966 14.082769
v  -25.290066 63.025463 10.738366
v  -26.747229 65.223099 14.242927
v  21.911175 68.368362 14.080014
v  25.290854 63.026642 10.736634
v  26.747425 65.223488 14.239933
v  -11.648952 63.570736 7.289870
v  -8.786715 64.826241 12.235489
v  -10.848127 57.411297 8.314907
v  -7.161875 61.347118 10.798209
v  -10.637458 61.185307 8.266088
v  -26.010221 68.862854 2.079932
v  -29.290648 67.893562 1.765113
v  -25.057114 62.756168 5.156960
v  -29.909859 68.973877 5.457235
v  26.010143 68.862854 2.080719
v  29.290255 67.892769 1.766625
v  29.909151 68.972687 5.457393
v  25.058058 62.757355 5.157276
v  -3.737047 85.706520 -4.147468
v  -3.914405 85.834076 -1.969969
v  3.854185 83.064392 -1.956823
v  2.173287 80.902199 -4.323964
v  -1.091687 81.332901 -5.544749
v  -1.040474 80.450623 -5.113096
v  -2.173318 80.902199 -4.323964
v  21.588892 79.662827 -0.448354
v  13.864420 78.990776 -4.606562
v  20.804050 76.658897 0.573731
v  -21.589010 79.663223 -0.448393
v  -13.864460 78.990776 -4.606641
v  -20.804090 76.658897 0.573727
v  10.329546 5.398571 -2.153578
v  15.547213 7.178096 -7.940810
v  12.597848 1.843623 -9.600138
v  11.613677 6.110185 -7.167898
v  -10.329546 5.398571 -2.153578
v  -15.547213 7.178096 -7.940810
v  -11.613677 6.110185 -7.167898
v  -12.597848 1.843623 -9.600138
v  8.963879 55.769180 -10.795644
v  5.016171 55.705788 -10.141393
v  11.291630 57.171535 -9.100136
v  9.110138 51.947136 -8.453721
v  10.207301 54.872723 -8.888758
v  11.736983 53.529415 -6.540378
v  -5.016171 55.705788 -10.141393
v  -8.963879 55.769180 -10.795644
v  -11.291630 57.171535 -9.100136
v  -10.207301 54.872723 -8.888758
v  -9.110178 51.947136 -8.453721
v  -11.736983 53.529415 -6.540378
v  0.000006 75.002991 14.959854
v  0.000002 72.264809 9.421755
v  4.295109 72.237251 9.835140
v  5.805185 81.073059 10.823604
v  5.194005 75.491180 14.620602
v  6.511247 71.366783 11.548956
v  -19.529961 9.550610 12.987926
v  19.529919 9.550570 12.987886
v  -10.220333 30.389936 -6.348372
v  -10.514466 28.856239 -7.410259
v  -13.453752 24.287392 -4.770934
v  -14.762528 29.439388 -6.367663
v  10.220333 30.389975 -6.348332
v  10.514466 28.856239 -7.410220
v  14.762489 29.439388 -6.367623
v  13.453712 24.287392 -4.770895
v  3.885472 89.565170 1.716158
v  2.145586 87.441154 2.927348
v  3.290284 87.015175 1.684583
v  -20.842476 5.229360 -2.154491
v  -21.345861 1.764052 -5.815578
v  -19.576731 6.110185 -7.167898
v  -17.697916 1.829327 -9.600138
v  20.842516 5.229360 -2.154491
v  21.345861 1.764044 -5.815578
v  17.697916 1.829327 -9.600138
v  19.576731 6.110185 -7.167898
v  -25.131405 66.530571 12.811551
v  -27.824982 69.473877 12.505686
v  -30.604031 66.985687 13.942494
v  -26.161167 65.120728 11.047500
v  25.131563 66.530968 12.809150
v  30.603403 66.984901 13.939542
v  27.824272 69.473083 12.503363
v  26.161444 65.121521 11.045728
v  11.648992 63.570736 7.289830
v  10.848127 57.411297 8.314907
v  10.637458 61.185307 8.266088
v  -12.213518 52.662491 -3.118865
v  -10.713758 55.361698 -2.147131
v  -10.968324 56.569176 2.534174
v  7.559985 50.474697 -6.493843
v  8.132267 54.008156 -5.698726
v  12.213124 52.662491 -3.118586
v  10.713758 55.361698 -2.147127
v  10.968285 56.569176 2.534174
v  9.315335 80.905739 7.404161
v  11.451944 80.061256 2.977942
v  11.571117 79.325424 -5.778646
v  12.040172 76.966774 -5.025695
v  9.715373 79.854164 -1.907284
v  -2.421050 86.072655 -5.386284
v  -0.601912 86.257698 -5.790220
v  -1.049832 84.977386 -5.385930
v  -0.762219 86.937225 -6.503250
v  -2.108724 87.339973 -6.219905
v  -0.968026 89.606903 -6.666046
v  -5.559556 71.127014 11.211555
v  0.000024 69.608521 12.129544
v  0.000004 70.923080 11.309940
v  -8.677148 69.624260 11.475176
v  -6.511247 71.366783 11.548956
v  -15.851345 5.816483 14.652686
v  -14.033554 0.289685 14.879970
v  15.851345 5.816483 14.652686
v  14.033554 0.289681 14.879970
v  3.930279 33.395519 -3.258803
v  1.209994 42.725502 -2.705933
v  4.919557 46.584942 -5.621443
v  1.640146 43.856606 -2.588788
v  -29.263641 64.984512 0.259857
v  29.263760 64.984512 0.261874
v  -6.591404 88.188400 9.272189
v  -6.938214 84.333679 11.192382
v  -12.121786 82.118332 2.894175
v  -9.160060 87.007690 6.329518
v  -10.777616 85.323845 2.403452
v  -8.063645 79.299835 -6.122110
v  -9.714271 79.853767 -1.925213
v  -11.571117 79.325424 -5.778646
v  -13.199973 80.439987 -0.664936
v  -0.000011 92.920670 -4.351955
v  -2.193755 89.893120 -6.197227
v  -28.279392 71.721504 5.871015
v  -28.992657 71.794342 10.708642
v  -26.552546 74.090004 9.553251
v  -25.384436 72.364815 5.443851
v  28.278406 71.720322 5.871133
v  26.551323 74.088432 9.552070
v  28.991474 71.793159 10.706989
v  25.383728 72.364021 5.444165
v  -15.822250 78.102592 6.951091
v  -17.265831 77.842361 2.988604
v  -20.464603 74.491180 3.466449
v  -18.608150 73.575043 -0.386494
v  -15.481111 75.051422 -2.048292
v  -15.990832 72.123077 -1.419974
v  15.822211 78.102592 6.951013
v  20.464563 74.491180 3.466480
v  17.265791 77.842361 2.988631
v  18.608150 73.575043 -0.386379
v  15.990873 72.123474 -1.419840
v  15.481111 75.051422 -2.048154
v  8.127189 64.921120 -7.107423
v  4.487904 68.568756 -8.685255
v  -0.000014 68.847496 -9.033246
v  -4.873691 45.920380 -7.909470
v  -12.615092 39.705429 -7.568053
v  -1.639650 43.856606 -2.589052
v  -0.000008 82.656525 6.014244
v  -28.295414 64.232147 14.276430
v  -35.511341 62.198296 14.576745
v  28.295530 64.232933 14.273399
v  35.510872 62.198296 14.573398
v  -14.866072 30.931313 -1.521212
v  14.865913 30.931274 -1.521094
v  6.813175 54.854218 11.741907
v  -12.075093 56.714844 -6.154906
v  12.075093 56.714844 -6.154906
v  4.195621 88.079742 -0.068473
v  3.914590 90.107292 -1.226486
v  -11.336552 8.719351 13.069186
v  -12.114346 14.175050 10.787341
v  11.336591 8.719351 13.069147
v  12.114384 14.175050 10.787301
v  10.777575 85.323845 2.403424
v  12.121786 82.117943 2.894147
v  13.199934 80.439987 -0.664971
v  -14.513041 27.143053 -0.171505
v  14.513041 27.143053 -0.171495
v  -7.186639 24.804201 4.964636
v  7.186678 24.804201 4.964636
v  -10.050294 80.695900 8.935024
v  -5.805185 81.073059 10.823643
v  3.376316 50.405018 -6.677661
v  -0.796742 69.663635 -9.413009
v  -5.597351 69.663635 -9.018443
v  -1.910091 71.689224 -8.166752
v  -32.750679 58.737675 2.489202
v  -34.389183 60.793575 0.165105
v  -28.340334 61.238850 3.210346
v  -33.265991 56.808937 2.583166
v  -33.977882 56.804214 8.156128
v  32.751427 58.738461 2.490253
v  28.341124 61.239635 3.211272
v  34.389378 60.793575 0.166984
v  33.266979 56.810120 2.584146
v  33.978668 56.805393 8.155065
v  10.050294 80.695900 8.934946
v  8.677187 69.624260 11.475137
v  -40.643616 60.987667 2.789001
v  -40.887314 60.475857 8.355930
v  -40.557003 59.649483 2.648489
v  -37.718109 59.122322 -1.638171
v  -40.419601 59.109722 8.264002
v  40.643223 60.986881 2.789792
v  40.886528 60.475071 8.354671
v  40.556610 59.648693 2.649312
v  40.419209 59.109325 8.262781
v  37.718189 59.122322 -1.635738
v  2.361121 76.449448 -7.135415
v  -0.000007 75.164413 -5.965181
v  2.193165 76.081337 -5.646402
v  -4.209755 78.199844 -3.231679
v  36.396774 61.030975 8.483529
v  35.186897 61.618767 4.429955
v  34.250835 59.141212 6.987036
v  37.038193 58.370354 9.789668
v  36.619686 55.899883 8.479158
v  40.355034 55.778233 10.073762
v  -36.396774 61.030975 8.483332
v  -34.250950 59.141212 6.986957
v  -35.186897 61.618767 4.429994
v  -37.038231 58.370354 9.789352
v  -40.355034 55.778233 10.073407
v  -36.619846 55.899883 8.478962
v  -22.114599 21.050154 5.691249
v  -19.764486 27.310455 3.315286
v  -20.069407 18.223270 7.200774
v  22.114561 21.050114 5.691210
v  19.764448 27.310455 3.315266
v  20.069368 18.223270 7.200774
v  -11.716787 86.861633 5.812433
v  -11.651078 84.817146 9.783055
v  -21.001884 84.008881 9.110064
v  11.651039 84.816750 9.782976
v  11.716708 86.861633 5.812354
v  21.001806 84.008492 9.109985
v  -17.884687 0.292765 -11.146473
v  -9.451988 1.764044 -5.815578
v  17.884687 0.292763 -11.146473
v  9.451988 1.764044 -5.815578
v  -8.127189 64.921120 -7.107384
v  -10.785332 59.264442 -3.149924
v  -11.515291 60.404205 0.775572
v  -11.071276 62.913647 -4.791129
v  11.515291 60.404205 0.775568
v  10.785293 59.264442 -3.149924
v  11.071276 62.913647 -4.791129
v  -6.888096 54.830986 -10.262456
v  6.888135 54.830986 -10.262456
v  4.026212 87.300606 5.782945
v  -15.790755 9.943718 10.993954
v  15.790755 9.943718 10.993954
v  14.817332 30.089819 4.982590
v  -14.817332 30.089819 4.982629
v  -0.000001 46.291637 7.711206
v  1.109931 43.231014 4.514048
v  -16.252369 34.514889 -2.634418
v  16.251934 34.514812 -2.634111
v  0.601881 86.257698 -5.790220
v  2.421022 86.072655 -5.386284
v  1.049801 84.977386 -5.385930
v  2.108708 87.339973 -6.219905
v  0.762187 86.937225 -6.503250
v  0.967994 89.606903 -6.666046
v  4.660620 84.583687 -3.536134
v  3.257576 81.783295 -4.794711
v  3.425769 82.590378 -5.412505
v  3.064218 82.936440 -5.373528
v  2.802285 81.732117 -4.513295
v  4.124165 84.914391 -3.408603
v  -12.588202 12.338990 -1.233465
v  -12.610368 9.843799 -2.266073
v  12.588242 12.338990 -1.233430
v  12.610368 9.843799 -2.266026
v  -27.799194 62.190029 0.784414
v  -24.654478 63.081367 1.424929
v  -23.839991 62.462467 5.928613
v  27.799982 62.190815 0.786237
v  23.841093 62.464043 5.928691
v  24.655460 63.082546 1.426606
v  -8.067857 64.049866 10.882854
v  -7.285064 61.784519 9.620850
v  0.000019 64.689629 11.222302
v  -10.260609 62.838058 6.436171
v  -19.413071 68.216003 8.381206
v  -26.446915 64.777817 9.015654
v  19.413149 68.216003 8.381127
v  26.447308 64.778603 9.014551
v  -7.829748 33.427296 7.296837
v  -12.810721 34.645676 6.829908
v  -7.288922 30.832693 -1.724975
v  -6.927584 27.847658 4.017041
v  7.829944 33.427334 7.296403
v  12.810524 34.645638 6.829476
v  6.927938 27.847698 4.016843
v  7.289198 30.832771 -1.724735
v  -0.000003 50.425880 11.851237
v  1.499277 44.642818 -6.418292
v  -0.000003 43.559357 -3.786679
v  0.000057 45.843212 -3.333814
v  -37.439842 53.105007 0.313652
v  -35.986618 57.259327 0.023700
v  37.439686 53.104614 0.313308
v  35.986538 57.259327 0.023339
v  -15.522015 11.981627 15.844693
v  15.522015 11.981588 15.844653
v  19.991810 83.157310 7.600657
v  23.184755 81.304161 7.836090
v  23.761133 78.288422 2.214999
v  21.227161 82.466759 10.448998
v  -23.184795 81.304161 7.836129
v  -19.991888 83.157310 7.600697
v  -23.761211 78.288422 2.214975
v  -21.227200 82.466759 10.449077
v  0.385743 85.005730 -6.859667
v  0.628739 85.374229 -5.625182
v  -0.823148 83.662033 -5.816716
v  -0.877947 83.097466 -5.516087
v  25.126209 75.698662 4.206806
v  22.036884 77.070702 -0.007711
v  -25.126287 75.699059 4.206806
v  -22.036922 77.070702 -0.007766
v  -9.685925 73.517563 10.906595
v  9.686043 73.517563 10.906437
v  -17.443745 71.354973 11.835254
v  -22.494717 64.166405 11.854703
v  17.444057 71.355759 11.833443
v  22.495663 64.167976 11.852695
v  8.063645 79.299835 -6.122149
v  6.401128 80.164009 -2.194161
v  6.034633 77.796295 -5.389867
v  0.000000 80.852585 10.754352
v  -14.320718 78.410469 0.087043
v  -10.689466 79.764404 3.315548
v  -16.610518 76.847870 -0.324868
v  14.320679 78.410469 0.087124
v  10.689466 79.764404 3.315544
v  16.610518 76.847870 -0.324769
v  -13.135682 70.770721 0.661242
v  -19.169605 67.660095 0.275611
v  -18.289412 71.199463 -1.976556
v  -13.357177 74.148277 -2.435342
v  13.135720 70.770721 0.661325
v  18.289450 71.199463 -1.976402
v  19.169685 67.660095 0.275720
v  13.357177 74.148277 -2.435200
v  -9.361122 69.059303 13.030488
v  17.988152 0.289681 14.879970
v  -17.988152 0.289691 14.879970
v  19.039646 75.148666 6.277707
v  15.230087 73.006149 9.969353
v  17.667995 74.586067 8.573726
v  13.801271 77.327003 9.502229
v  -19.039686 75.149055 6.277746
v  -15.230046 73.006149 9.969471
v  -13.801271 77.327400 9.502346
v  -17.667995 74.586067 8.573804
v  -14.435049 17.334019 13.301232
v  14.435088 17.334019 13.301193
v  -16.603941 31.908752 3.079483
v  -15.927801 34.561386 0.156625
v  16.603510 31.908636 3.079353
v  15.927369 34.561306 0.156716
v  -36.397247 62.829792 3.547259
v  36.396812 62.829002 3.547897
v  -34.320087 60.347515 -0.746949
v  34.320404 60.347515 -0.744744
v  -2.928195 83.586441 -3.539332
v  -7.987700 2.178688 5.863886
v  7.987779 2.178712 5.863925
v  -0.000002 57.636101 10.888208
v  5.881405 57.593975 9.564235
v  -0.000004 54.530991 -9.260373
v  -3.178139 54.530991 -8.581830
v  10.260609 62.838058 6.436131
v  11.181985 62.410500 2.107486
v  -11.181985 62.410500 2.107526
v  -13.701271 48.820370 0.459308
v  -10.816474 46.389668 6.795894
v  13.700798 48.820370 0.459356
v  10.816277 46.389668 6.795421
v  11.810055 74.657326 -6.394197
v  12.580919 79.232513 -0.658657
v  -26.985809 64.460106 1.469460
v  -23.836092 65.908920 1.650807
v  -31.502611 67.199074 1.313666
v  -29.038286 69.314819 1.439638
v  31.502062 67.198288 1.315280
v  29.037695 69.314026 1.441287
v  26.986284 64.460495 1.471087
v  23.836447 65.909317 1.651685
v  3.178139 54.530991 -8.581830
v  -8.651517 27.577383 2.297745
v  8.651557 27.577383 2.297740
v  16.907484 30.787336 -4.521485
v  18.525553 32.202728 -1.685464
v  17.815948 29.325058 -1.122567
v  17.211224 33.931030 -1.136658
v  15.130442 30.997536 -5.281326
v  16.460400 29.389626 -0.176376
v  -18.525591 32.202728 -1.685475
v  -16.907524 30.787336 -4.521525
v  -17.815987 29.325058 -1.122571
v  -15.130442 30.997536 -5.281365
v  -17.211264 33.931030 -1.136666
v  -16.460440 29.389626 -0.176386
v  3.080608 87.903358 -5.528134
v  2.193740 89.893120 -6.197227
v  -0.000011 91.615166 -7.158525
v  5.597311 69.663635 -9.018482
v  0.796707 69.663635 -9.413049
v  1.910067 71.689224 -8.166752
v  -0.000013 72.879776 -6.996202
v  -0.000004 61.982552 11.285885
v  -5.068296 88.541550 -0.305649
v  -4.409676 86.679749 -1.807658
v  -4.666447 85.931709 -1.133262
v  22.385584 6.083766 14.541427
v  22.418261 8.030692 7.779236
v  -22.385624 6.083806 14.541465
v  -22.418301 8.030692 7.779275
v  2.272031 29.225885 -0.045632
v  4.268968 28.311714 -3.819790
v  3.868468 26.696047 0.161567
v  5.423492 26.606678 0.357097
v  5.741130 29.225138 -4.780500
v  3.474938 30.932060 -0.202051
v  -2.271980 29.225845 -0.045648
v  -3.868421 26.696007 0.161552
v  -4.268928 28.311672 -3.819826
v  -5.423453 26.606678 0.357083
v  -3.474887 30.932060 -0.202060
v  -5.741091 29.225138 -4.780540
v  -12.081786 55.634926 -3.545215
v  -11.263441 59.469170 -5.591010
v  11.263402 59.469170 -5.591010
v  12.081786 55.634926 -3.545211
v  -11.810055 74.657326 -6.394156
v  -12.580919 79.232513 -0.658621
v  -12.040172 76.967163 -5.025695
v  -1.109384 43.231014 4.514323
v  5.559595 71.127014 11.211555
v  4.277078 80.221489 13.285292
v  -12.133991 71.585678 10.125731
v  -12.197337 74.173859 11.024467
v  12.134069 71.586067 10.125612
v  12.197416 74.173859 11.024311
v  7.285064 61.784519 9.620850
v  8.067897 64.049866 10.882854
v  -4.295109 72.237251 9.835140
v  -4.474164 74.817169 14.176744
v  -19.868698 17.757917 4.756290
v  19.868698 17.757875 4.756251
v  -31.481785 65.801041 12.669032
v  -29.179625 63.277821 12.931275
v  31.481236 65.800652 12.666512
v  29.179781 63.278606 12.928717
v  -5.780460 29.225138 -4.780540
v  5.780500 29.225138 -4.780500
v  -27.448763 70.354973 14.119619
v  27.447975 70.354187 14.116746
v  1.779252 73.072685 -7.328210
v  -4.958848 70.851036 -8.352736
v  -9.691594 27.065260 7.452663
v  9.691594 27.065260 7.452624
v  -42.205029 56.077053 8.919787
v  -41.212906 52.898712 10.212382
v  42.205029 56.077053 8.920063
v  41.212513 52.898712 10.212736
v  -5.823177 47.566830 10.409430
v  2.476845 89.712021 3.431418
v  -0.000012 85.341949 4.225821
v  -2.361141 76.449448 -7.135415
v  -2.223614 73.898666 -8.448326
v  12.413912 0.292769 -11.146473
v  8.661714 0.292766 -7.118017
v  -12.413912 0.292772 -11.146473
v  -8.661714 0.292766 -7.118017
v  5.897311 31.445328 -3.015811
v  -5.896917 31.445251 -3.016154
v  -14.169892 33.316429 -5.010933
v  14.169616 33.316387 -5.010421
v  6.657624 80.276207 1.229477
v  -7.657307 30.737299 6.548334
v  7.657543 30.737337 6.547941
v  12.090801 69.332535 -4.682310
v  -12.090841 69.332535 -4.682271
v  16.148746 30.863243 0.326388
v  16.829296 31.359936 2.671846
v  16.605595 30.547577 5.434833
v  -16.148787 30.863243 0.326387
v  -16.605635 30.547615 5.434872
v  -16.829336 31.359976 2.671862
v  -0.000008 76.379768 -2.965546
v  15.335282 28.035847 7.174081
v  -15.335282 28.035889 7.174120
v  -6.676679 31.755405 -2.187604
v  -10.324742 32.612373 -2.763044
v  6.676994 31.755487 -2.187329
v  10.324742 32.612373 -2.762725
v  -0.000012 93.001381 1.205131
v  -2.476865 89.712021 3.431418
v  -2.567022 92.117531 3.032053
v  7.458488 77.398659 -5.537308
v  4.580424 85.473839 0.134676
v  4.666408 85.931709 -1.133262
v  5.016289 87.352966 0.592231
v  -14.437372 52.647923 -0.870382
v  14.436781 52.647923 -0.870268
v  -0.000011 83.738022 -6.117385
v  0.980561 84.497070 -5.412111
v  0.823120 83.662033 -5.816716
v  1.091659 81.332901 -5.544749
v  1.771847 82.919907 -4.816443
v  -25.704594 70.029381 10.616673
v  -23.983099 67.948288 10.967263
v  23.983179 67.948677 10.965570
v  25.704081 70.028984 10.615099
v  -0.682392 45.631401 6.131800
v  -2.838345 44.771561 7.834592
v  35.644688 54.542404 3.631680
v  35.472210 57.255783 7.868608
v  -35.644886 54.542801 3.631814
v  -35.472328 57.255783 7.868451
v  4.409676 86.679749 -1.807658
v  4.769911 88.310837 -0.135037
v  -28.596279 67.708519 9.603920
v  28.595884 67.707733 9.602582
v  -15.091072 30.997536 -5.281365
v  15.091072 30.997536 -5.281326
v  -14.423159 75.709686 -3.488553
v  14.423120 75.709686 -3.488462
v  24.552704 78.025826 8.998371
v  -24.552746 78.026215 8.998411
v  -12.506824 74.958115 -3.263616
v  12.506824 74.958115 -3.263628
v  -3.080624 87.903358 -5.528134
v  -1.232946 91.278946 -7.194549
v  -0.000011 84.049042 -6.533329
v  -0.000010 84.141953 -5.906283
v  -0.385772 85.005730 -6.859667
v  -0.628770 85.374229 -5.625182
v  -7.458488 77.399048 -5.537269
v  -6.034673 77.796295 -5.389867
v  -3.854220 83.064392 -1.956823
v  -3.937551 85.142342 -1.358856
v  -35.250988 52.970364 0.615745
v  -35.155045 53.176266 4.727040
v  -37.002010 51.838085 2.040144
v  35.250793 52.969971 0.615399
v  37.001816 51.838085 2.039900
v  35.154812 53.176266 4.726961
v  -11.622653 71.564026 -1.940615
v  -11.225883 71.130173 0.705785
v  11.622692 71.564026 -1.940485
v  11.226000 71.130173 0.705856
v  -9.756161 57.532558 6.779122
v  9.756161 57.532558 6.779122
v  -6.640656 26.922819 3.358758
v  -7.019907 28.594427 5.943218
v  6.640695 26.922819 3.358750
v  7.019946 28.594427 5.943178
v  -29.278877 68.307343 13.919620
v  29.278206 68.306946 13.916745
v  -11.000095 78.165192 0.353786
v  11.000095 78.165192 0.353850
v  -21.561295 63.460892 6.562785
v  21.562553 63.462471 6.562667
v  20.855310 74.831345 7.512862
v  -20.855310 74.831345 7.512901
v  4.958808 70.851036 -8.352736
v  -9.442067 22.706055 -2.079046
v  9.442106 22.706055 -2.079015
v  -16.831146 69.106941 10.207541
v  16.831934 69.108124 10.206281
v  -13.303988 77.502594 -3.348805
v  13.303948 77.502594 -3.348824
v  -6.367349 30.427732 7.482427
v  6.367703 30.427771 7.481955
v  -10.799191 68.333717 6.589280
v  -17.026186 35.898350 -0.230028
v  17.025635 35.898235 -0.229904
v  -7.216403 55.251854 -11.060880
v  -5.834555 51.871155 -8.095572
v  7.216403 55.251854 -11.060880
v  5.834555 51.871155 -8.095572
v  10.799230 68.333717 6.589241
v  10.352223 61.518379 5.195976
v  -10.352223 61.518379 5.195976
v  -24.157942 66.379784 14.550406
v  24.158218 66.380569 14.547414
v  -4.580463 85.473839 0.134676
v  -5.016328 87.352966 0.592227
v  -3.985307 86.719505 0.337486
v  -4.058850 85.463211 0.145830
v  -11.878794 83.343529 -1.363049
v  11.878794 83.343529 -1.363064
v  -31.518753 61.722309 13.767692
v  -33.838512 63.827423 13.985329
v  31.518909 61.722706 13.764739
v  33.838001 63.827423 13.982296
v  -38.933105 51.304615 -0.507670
v  -42.473930 51.916428 0.076369
v  38.932991 51.304226 -0.508064
v  42.473930 51.916428 0.076059
v  -3.474902 54.529808 -10.832890
v  -2.732498 49.103443 -10.016040
v  2.378550 84.917542 -5.275891
v  4.474164 74.817169 14.176744
v  -3.974559 92.450989 1.102911
v  -36.490593 60.564838 0.969363
v  36.490673 60.564838 0.969083
v  20.967516 79.606529 0.849671
v  -20.967594 79.606918 0.849643
v  22.955149 64.409317 4.949008
v  -22.954638 64.408531 4.948772
v  -0.340006 86.716354 -6.188999
v  -1.440430 86.973839 -5.907149
v  -32.763672 65.978996 4.638813
v  32.763119 65.978210 4.639206
v  4.315148 89.151390 -2.206121
v  4.634400 87.393913 -1.753760
v  4.303338 89.347450 0.006831
v  5.249517 88.964775 -0.504869
v  5.066328 87.430527 -1.989583
v  4.964281 88.854538 -2.205626
v  4.209716 78.199844 -3.231687
v  15.459220 27.997303 -2.552119
v  -15.459260 27.997303 -2.552147
v  -0.000012 90.734848 -7.759074
v  1.232919 91.278946 -7.194549
v  12.478557 56.706966 -6.702425
v  10.673678 55.338467 -9.536356
v  12.158479 58.206963 -7.502660
v  -12.478596 56.706966 -6.702425
v  -10.673717 55.338467 -9.536356
v  -12.158479 58.206963 -7.502660
v  3.937511 85.142342 -1.358856
v  -7.599827 51.572334 -8.546241
v  -12.541863 54.527447 -4.988019
v  7.599827 51.572334 -8.546241
v  12.541863 54.527447 -4.988019
v  -0.000012 80.336052 -5.401757
v  1.314068 80.982506 -1.980851
v  -0.000010 80.728569 -2.222303
v  -1.779276 73.072685 -7.328210
v  -15.600558 32.527100 7.439631
v  15.600204 32.526978 7.439159
v  -4.487943 68.568756 -8.685255
v  -2.368798 72.256149 -8.884310
v  -4.603612 87.388794 0.585381
v  4.514794 83.173843 -2.317511
v  4.021842 83.075027 -1.789461
v  -5.881444 57.593975 9.564235
v  2.368763 72.256149 -8.884310
v  -3.061143 90.719498 -4.622860
v  -1.928705 90.630913 -6.200771
v  -2.193181 76.081337 -5.646402
v  4.497117 87.600998 1.119679
v  5.357666 87.675407 0.454952
v  0.980380 82.771873 -5.818882
v  0.383889 82.090775 -5.886874
v  -0.980407 82.771873 -5.818882
v  -0.383922 82.090775 -5.886874
v  3.974559 92.450989 1.102915
v  21.245035 65.602226 4.222238
v  -21.244955 65.602226 4.222198
v  7.022112 25.922073 -1.843129
v  -7.022072 25.922073 -1.843156
v  0.339975 86.716354 -6.188999
v  1.440403 86.973839 -5.907149
v  0.924321 86.779350 -5.609945
v  -7.311993 54.771149 -10.794817
v  7.311993 54.771149 -10.794817
v  1.040443 80.450623 -5.113096
v  -0.000012 81.372665 -5.972465
v  3.061116 90.719498 -4.622860
v  1.928681 90.630913 -6.200771
v  -0.000012 86.341164 3.775653
v  3.985267 86.719505 0.337485
v  4.603612 87.388794 0.585381
v  2.528117 86.483284 -5.224237
v  2.020563 86.664780 -5.638213
v  2.854156 87.110054 -5.175104
v  1.503576 86.462029 -5.373135
v  -4.558613 88.534065 -0.310867
v  -4.195661 88.079742 -0.068474
v  -4.524912 88.597061 -1.537091
v  -0.000009 86.760445 -6.234117
v  -0.000011 84.994705 -6.881596
v  0.363817 84.249039 -6.869824
v  -24.694004 62.884121 8.799433
v  24.694910 62.885696 8.798450
v  -2.020590 86.664780 -5.638213
v  -2.528133 86.483284 -5.224237
v  -2.854187 87.110054 -5.175104
v  -1.503603 86.462029 -5.373135
v  40.105824 53.886501 9.497069
v  -40.105824 53.886898 9.496754
v  -22.138969 0.292759 -7.118017
v  22.139009 0.292758 -7.118017
v  1.740737 81.775818 -7.166478
v  1.334722 81.720306 -7.046793
v  -6.583333 45.708172 9.185259
v  6.583412 45.708172 9.184589
v  -13.937648 33.461075 -2.187604
v  13.937412 33.460991 -2.187333
v  -4.958415 88.619896 -1.498214
v  -9.031083 29.024233 5.187786
v  9.031083 29.024233 5.187747
v  0.877915 83.097466 -5.516087
v  -0.000011 83.130928 -5.839630
v  10.103050 55.330593 -9.116474
v  10.775293 54.945553 -9.310253
v  -10.103050 55.330593 -9.116474
v  -10.775293 54.945553 -9.310253
v  4.383101 85.017937 -1.306403
v  4.058810 85.463211 0.145825
v  4.688888 88.331314 -1.333265
v  4.318180 88.379738 -1.411147
v  -0.000012 89.233673 -6.908210
v  -0.000009 86.976196 -6.487660
v  -4.383141 85.017540 -1.306403
v  -0.000011 82.721092 -6.159354
v  -0.000011 82.178177 -5.917701
v  -3.170994 86.204941 -4.882624
v  3.170962 86.204941 -4.882624
v  -13.111430 76.951805 -4.387547
v  13.111391 76.951805 -4.387586
v  -0.924352 86.779350 -5.609945
v  2.941403 86.849426 -4.831994
v  -2.941419 86.849426 -4.831994
v  1.789311 82.154945 -7.356596
v  1.428221 82.291954 -7.310493
v  -4.451920 87.722649 -2.158752
v  4.451880 87.722649 -2.158748
v  -0.000011 84.247070 -6.861714
v  -0.363843 84.249039 -6.869824
v  -2.006083 86.975807 -5.761677
v  -2.173511 87.136826 -5.901165
v  4.374479 88.403358 -0.207160
v  2.173488 87.136826 -5.901165
v  2.006063 86.975807 -5.761677
v  -0.925010 86.586830 -5.501835
v  0.924978 86.586830 -5.501835
# 1256 vertices

vt  0.324489 0.336054 0.000000
vt  0.324559 0.300237 0.000000
vt  0.395065 0.335115 0.000000
vt  0.007922 0.255489 0.000000
vt  0.007922 0.305182 0.000000
vt  0.052108 0.306879 0.000000
vt  0.670398 0.749780 0.000000
vt  0.605140 0.824668 0.000000
vt  0.591150 0.745901 0.000000
vt  0.134273 0.644505 0.000000
vt  0.173868 0.631436 0.000000
vt  0.187161 0.566605 0.000000
vt  0.071512 0.168333 0.000000
vt  0.116887 0.210902 0.000000
vt  0.185404 0.104751 0.000000
vt  0.252034 0.213453 0.000000
vt  0.360430 0.189571 0.000000
vt  0.309349 0.079527 0.000000
vt  0.359785 0.747206 0.000000
vt  0.487856 0.665486 0.000000
vt  0.499719 0.746249 0.000000
vt  0.086997 0.461585 0.000000
vt  0.009956 0.567250 0.000000
vt  0.009956 0.463785 0.000000
vt  0.446016 0.379000 0.000000
vt  0.461710 0.344167 0.000000
vt  0.482791 0.347601 0.000000
vt  0.057625 0.040202 0.000000
vt  0.087182 0.081678 0.000000
vt  0.017603 0.135648 0.000000
vt  0.287585 0.331862 0.000000
vt  0.216367 0.327454 0.000000
vt  0.288931 0.294766 0.000000
vt  0.340111 0.569513 0.000000
vt  0.339864 0.630415 0.000000
vt  0.246126 0.573297 0.000000
vt  0.344469 0.206199 0.000000
vt  0.343800 0.327338 0.000000
vt  0.436842 0.268091 0.000000
vt  0.651103 0.327338 0.000000
vt  0.753503 0.412268 0.000000
vt  0.752910 0.261514 0.000000
vt  0.944111 0.302562 0.000000
vt  0.913712 0.240780 0.000000
vt  0.962797 0.249714 0.000000
vt  0.680295 0.233260 0.000000
vt  0.696000 0.200632 0.000000
vt  0.716317 0.250442 0.000000
vt  0.092871 0.684513 0.000000
vt  0.091874 0.731568 0.000000
vt  0.172833 0.724235 0.000000
vt  0.459900 0.198528 0.000000
vt  0.452340 0.084775 0.000000
vt  0.427675 0.198855 0.000000
vt  0.520322 0.187271 0.000000
vt  0.833823 0.282325 0.000000
vt  0.851586 0.326702 0.000000
vt  0.814553 0.322835 0.000000
vt  0.609622 0.278660 0.000000
vt  0.654405 0.306336 0.000000
vt  0.618604 0.342977 0.000000
vt  0.991288 0.619515 0.000000
vt  0.935782 0.736821 0.000000
vt  0.991390 0.728606 0.000000
vt  0.289047 0.589401 0.000000
vt  0.362983 0.665950 0.000000
vt  0.356986 0.577424 0.000000
vt  0.457418 0.404042 0.000000
vt  0.410933 0.411756 0.000000
vt  0.670398 0.827845 0.000000
vt  0.670398 0.577443 0.000000
vt  0.531435 0.572075 0.000000
vt  0.538000 0.638000 0.000000
vt  0.463081 0.632771 0.000000
vt  0.680971 0.260183 0.000000
vt  0.684127 0.305513 0.000000
vt  0.806685 0.387558 0.000000
vt  0.840405 0.389069 0.000000
vt  0.811544 0.404496 0.000000
vt  0.364774 0.082069 0.000000
vt  0.087082 0.024992 0.000000
vt  0.146300 0.034300 0.000000
vt  0.799585 0.243000 0.000000
vt  0.783573 0.276550 0.000000
vt  0.760050 0.234095 0.000000
vt  0.885700 0.198856 0.000000
vt  0.840587 0.171328 0.000000
vt  0.894208 0.178325 0.000000
vt  0.220800 0.177303 0.000000
vt  0.203262 0.231470 0.000000
vt  0.157633 0.446400 0.000000
vt  0.087075 0.568738 0.000000
vt  0.904777 0.457729 0.000000
vt  0.912379 0.557539 0.000000
vt  0.938389 0.544974 0.000000
vt  0.845343 0.714278 0.000000
vt  0.825703 0.711663 0.000000
vt  0.847124 0.732027 0.000000
vt  0.670398 0.639396 0.000000
vt  0.488590 0.238680 0.000000
vt  0.488594 0.294669 0.000000
vt  0.547565 0.243286 0.000000
vt  0.084149 0.801231 0.000000
vt  0.781219 0.508552 0.000000
vt  0.789818 0.548279 0.000000
vt  0.760718 0.556066 0.000000
vt  0.989602 0.611551 0.000000
vt  0.936051 0.589176 0.000000
vt  0.988522 0.521330 0.000000
vt  0.604446 0.876763 0.000000
vt  0.593635 0.800102 0.000000
vt  0.497637 0.880314 0.000000
vt  0.631920 0.665950 0.000000
vt  0.705856 0.589401 0.000000
vt  0.637917 0.577424 0.000000
vt  0.947443 0.908311 0.000000
vt  0.902546 0.892798 0.000000
vt  0.939587 0.815544 0.000000
vt  0.727449 0.767322 0.000000
vt  0.729104 0.736503 0.000000
vt  0.814013 0.764654 0.000000
vt  0.333976 0.272586 0.000000
vt  0.395065 0.271242 0.000000
vt  0.365664 0.248238 0.000000
vt  0.915537 0.491678 0.000000
vt  0.884373 0.374705 0.000000
vt  0.825005 0.475167 0.000000
vt  0.241994 0.261514 0.000000
vt  0.181734 0.344313 0.000000
vt  0.241400 0.412268 0.000000
vt  0.750670 0.793633 0.000000
vt  0.784309 0.801345 0.000000
vt  0.781316 0.871764 0.000000
vt  0.896480 0.819405 0.000000
vt  0.853711 0.814568 0.000000
vt  0.870781 0.774340 0.000000
vt  0.562963 0.931309 0.000000
vt  0.587585 0.992710 0.000000
vt  0.556514 0.988803 0.000000
vt  0.438081 0.882188 0.000000
vt  0.477377 0.863400 0.000000
vt  0.477339 0.882160 0.000000
vt  0.920460 0.090307 0.000000
vt  0.881062 0.071869 0.000000
vt  0.878151 0.102090 0.000000
vt  0.679158 0.678853 0.000000
vt  0.736813 0.678512 0.000000
vt  0.682162 0.647951 0.000000
vt  0.087609 0.566167 0.000000
vt  0.136800 0.636955 0.000000
vt  0.132921 0.555329 0.000000
vt  0.353170 0.746796 0.000000
vt  0.249604 0.663121 0.000000
vt  0.241101 0.748539 0.000000
vt  0.537533 0.443971 0.000000
vt  0.588101 0.394142 0.000000
vt  0.563098 0.472611 0.000000
vt  0.410167 0.468085 0.000000
vt  0.410580 0.502741 0.000000
vt  0.483046 0.453164 0.000000
vt  0.394106 0.403501 0.000000
vt  0.330364 0.364241 0.000000
vt  0.327774 0.403690 0.000000
vt  0.185283 0.364177 0.000000
vt  0.229237 0.403568 0.000000
vt  0.250483 0.364015 0.000000
vt  0.494501 0.486453 0.000000
vt  0.511245 0.419747 0.000000
vt  0.458365 0.471806 0.000000
vt  0.426702 0.413881 0.000000
vt  0.402424 0.489120 0.000000
vt  0.718719 0.512997 0.000000
vt  0.643668 0.438981 0.000000
vt  0.646838 0.516118 0.000000
vt  0.795258 0.313940 0.000000
vt  0.708470 0.321490 0.000000
vt  0.728542 0.294233 0.000000
vt  0.722968 0.354934 0.000000
vt  0.812405 0.504854 0.000000
vt  0.885974 0.530706 0.000000
vt  0.862220 0.471083 0.000000
vt  0.775087 0.666365 0.000000
vt  0.750624 0.681341 0.000000
vt  0.770251 0.695750 0.000000
vt  0.938438 0.388831 0.000000
vt  0.926674 0.385714 0.000000
vt  0.927860 0.366647 0.000000
vt  0.993434 0.367270 0.000000
vt  0.996406 0.400906 0.000000
vt  0.976092 0.400094 0.000000
vt  0.633711 0.199364 0.000000
vt  0.933859 0.213405 0.000000
vt  0.990458 0.216319 0.000000
vt  0.461706 0.344169 0.000000
vt  0.410800 0.337979 0.000000
vt  0.446029 0.378993 0.000000
vt  0.735554 0.875285 0.000000
vt  0.972429 0.868493 0.000000
vt  0.959651 0.815428 0.000000
vt  0.933796 0.453922 0.000000
vt  0.750094 0.490099 0.000000
vt  0.402976 0.037452 0.000000
vt  0.413649 0.029409 0.000000
vt  0.415837 0.040386 0.000000
vt  0.266768 0.080897 0.000000
vt  0.191120 0.403776 0.000000
vt  0.076099 0.372217 0.000000
vt  0.150326 0.355620 0.000000
vt  0.154801 0.400385 0.000000
vt  0.585962 0.089425 0.000000
vt  0.583373 0.195996 0.000000
vt  0.633364 0.377004 0.000000
vt  0.647834 0.369846 0.000000
vt  0.636747 0.416900 0.000000
vt  0.682913 0.347448 0.000000
vt  0.709145 0.379935 0.000000
vt  0.794258 0.840896 0.000000
vt  0.807553 0.825516 0.000000
vt  0.815334 0.866183 0.000000
vt  0.934853 0.679539 0.000000
vt  0.996712 0.708337 0.000000
vt  0.935854 0.710838 0.000000
vt  0.951546 0.146135 0.000000
vt  0.938955 0.127445 0.000000
vt  0.890942 0.152514 0.000000
vt  0.950457 0.057883 0.000000
vt  0.964081 0.038022 0.000000
vt  0.905614 0.017730 0.000000
vt  0.275205 0.468638 0.000000
vt  0.299334 0.497010 0.000000
vt  0.275826 0.491138 0.000000
vt  0.339457 0.472669 0.000000
vt  0.372618 0.459320 0.000000
vt  0.372811 0.495665 0.000000
vt  0.394106 0.363823 0.000000
vt  0.056374 0.240784 0.000000
vt  0.100265 0.263366 0.000000
vt  0.088022 0.300105 0.000000
vt  0.150532 0.343604 0.000000
vt  0.147901 0.308561 0.000000
vt  0.678637 0.961685 0.000000
vt  0.657889 0.930497 0.000000
vt  0.690915 0.928067 0.000000
vt  0.436741 0.900207 0.000000
vt  0.476883 0.916670 0.000000
vt  0.439721 0.916278 0.000000
vt  0.352145 0.638428 0.000000
vt  0.225251 0.649302 0.000000
vt  0.288690 0.669029 0.000000
vt  0.146390 0.664099 0.000000
vt  0.185780 0.656121 0.000000
vt  0.795433 0.201351 0.000000
vt  0.697742 0.170387 0.000000
vt  0.699534 0.186584 0.000000
vt  0.631715 0.170608 0.000000
vt  0.416014 0.055568 0.000000
vt  0.403211 0.057406 0.000000
vt  0.512714 0.079418 0.000000
vt  0.343609 0.450877 0.000000
vt  0.368361 0.435173 0.000000
vt  0.236703 0.467019 0.000000
vt  0.256249 0.451937 0.000000
vt  0.233017 0.449277 0.000000
vt  0.883154 0.657834 0.000000
vt  0.882763 0.702227 0.000000
vt  0.838398 0.651296 0.000000
vt  0.918565 0.682898 0.000000
vt  0.514034 0.990210 0.000000
vt  0.478435 0.989394 0.000000
vt  0.500758 0.959683 0.000000
vt  0.281035 0.884786 0.000000
vt  0.259585 0.996186 0.000000
vt  0.372256 0.885585 0.000000
vt  0.009956 0.706428 0.000000
vt  0.009956 0.747226 0.000000
vt  0.050273 0.711313 0.000000
vt  0.971811 0.319820 0.000000
vt  0.818260 0.357196 0.000000
vt  0.854828 0.356996 0.000000
vt  0.244031 0.196172 0.000000
vt  0.254687 0.089199 0.000000
vt  0.154420 0.025874 0.000000
vt  0.210462 0.033061 0.000000
vt  0.126012 0.840141 0.000000
vt  0.074150 0.319085 0.000000
vt  0.007922 0.365318 0.000000
vt  0.059489 0.365281 0.000000
vt  0.869017 0.247048 0.000000
vt  0.881391 0.298484 0.000000
vt  0.834456 0.244479 0.000000
vt  0.803441 0.240050 0.000000
vt  0.839447 0.208367 0.000000
vt  0.975860 0.368765 0.000000
vt  0.964554 0.400873 0.000000
vt  0.964683 0.368865 0.000000
vt  0.901465 0.367353 0.000000
vt  0.914047 0.368084 0.000000
vt  0.914044 0.399113 0.000000
vt  0.033322 0.254759 0.000000
vt  0.033156 0.187858 0.000000
vt  0.008241 0.218704 0.000000
vt  0.110530 0.374705 0.000000
vt  0.079366 0.491678 0.000000
vt  0.169898 0.475167 0.000000
vt  0.991502 0.397557 0.000000
vt  0.305422 0.465412 0.000000
vt  0.321549 0.470730 0.000000
vt  0.915286 0.992468 0.000000
vt  0.875887 0.992405 0.000000
vt  0.914995 0.949630 0.000000
vt  0.721491 0.877408 0.000000
vt  0.711105 0.832850 0.000000
vt  0.727235 0.783686 0.000000
vt  0.650435 0.206199 0.000000
vt  0.618395 0.930761 0.000000
vt  0.441541 0.863509 0.000000
vt  0.452456 0.847292 0.000000
vt  0.453939 0.571780 0.000000
vt  0.293633 0.364186 0.000000
vt  0.295325 0.403399 0.000000
vt  0.809357 0.474970 0.000000
vt  0.881466 0.873771 0.000000
vt  0.840462 0.853486 0.000000
vt  0.889084 0.851773 0.000000
vt  0.348065 0.516118 0.000000
vt  0.276184 0.512997 0.000000
vt  0.714334 0.417060 0.000000
vt  0.584265 0.337877 0.000000
vt  0.453919 0.354111 0.000000
vt  0.455969 0.320875 0.000000
vt  0.410638 0.337877 0.000000
vt  0.267820 0.880641 0.000000
vt  0.224318 0.981605 0.000000
vt  0.454596 0.961463 0.000000
vt  0.887869 0.125911 0.000000
vt  0.844234 0.084425 0.000000
vt  0.808755 0.109663 0.000000
vt  0.847609 0.115181 0.000000
vt  0.631580 0.497368 0.000000
vt  0.592497 0.515653 0.000000
vt  0.662198 0.497741 0.000000
vt  0.627564 0.454861 0.000000
vt  0.647125 0.479828 0.000000
vt  0.662116 0.455283 0.000000
vt  0.670349 0.737772 0.000000
vt  0.670380 0.692175 0.000000
vt  0.604864 0.691719 0.000000
vt  0.581825 0.838847 0.000000
vt  0.571051 0.677220 0.000000
vt  0.800326 0.207461 0.000000
vt  0.665564 0.149125 0.000000
vt  0.876575 0.404073 0.000000
vt  0.839212 0.427053 0.000000
vt  0.667872 0.426767 0.000000
vt  0.682874 0.369244 0.000000
vt  0.702798 0.417039 0.000000
vt  0.858103 0.636955 0.000000
vt  0.907294 0.566167 0.000000
vt  0.861982 0.555329 0.000000
vt  0.896181 0.050594 0.000000
vt  0.852074 0.023393 0.000000
vt  0.854004 0.053611 0.000000
vt  0.813815 0.060916 0.000000
vt  0.900295 0.399242 0.000000
vt  0.745320 0.994231 0.000000
vt  0.745079 0.948610 0.000000
vt  0.775042 0.949643 0.000000
vt  0.826028 0.825569 0.000000
vt  0.192463 0.328812 0.000000
vt  0.191550 0.355317 0.000000
vt  0.243821 0.358726 0.000000
vt  0.542618 0.227324 0.000000
vt  0.572632 0.213371 0.000000
vt  0.516683 0.206183 0.000000
vt  0.401329 0.529313 0.000000
vt  0.473518 0.537102 0.000000
vt  0.455594 0.491361 0.000000
vt  0.467103 0.565185 0.000000
vt  0.413222 0.580347 0.000000
vt  0.458868 0.665728 0.000000
vt  0.585571 0.673230 0.000000
vt  0.670398 0.647947 0.000000
vt  0.670398 0.669838 0.000000
vt  0.537995 0.648208 0.000000
vt  0.959580 0.093423 0.000000
vt  0.987180 0.113980 0.000000
vt  0.072184 0.180928 0.000000
vt  0.023932 0.151856 0.000000
vt  0.823532 0.892239 0.000000
vt  0.822600 0.878624 0.000000
vt  0.857323 0.879802 0.000000
vt  0.898133 0.941011 0.000000
vt  0.564320 0.373072 0.000000
vt  0.538888 0.362212 0.000000
vt  0.498160 0.225047 0.000000
vt  0.566297 0.303064 0.000000
vt  0.497637 0.796240 0.000000
vt  0.409820 0.676513 0.000000
vt  0.003402 0.397557 0.000000
vt  0.490271 0.902312 0.000000
vt  0.528404 0.892328 0.000000
vt  0.523076 0.932459 0.000000
vt  0.478374 0.899419 0.000000
vt  0.886431 0.628931 0.000000
vt  0.837533 0.623103 0.000000
vt  0.834998 0.570737 0.000000
vt  0.783808 0.595459 0.000000
vt  0.766161 0.640270 0.000000
vt  0.758958 0.613326 0.000000
vt  0.157633 0.565210 0.000000
vt  0.091330 0.624571 0.000000
vt  0.009956 0.629110 0.000000
vt  0.410780 0.385317 0.000000
vt  0.410800 0.385308 0.000000
vt  0.774767 0.992508 0.000000
vt  0.875841 0.950043 0.000000
vt  0.950683 0.386935 0.000000
vt  0.680179 0.476854 0.000000
vt  0.792803 0.604332 0.000000
vt  0.745300 0.663121 0.000000
vt  0.874162 0.205003 0.000000
vt  0.863577 0.239349 0.000000
vt  0.949259 0.367049 0.000000
vt  0.915862 0.339211 0.000000
vt  0.462094 0.818572 0.000000
vt  0.024402 0.642394 0.000000
vt  0.111446 0.642394 0.000000
vt  0.044588 0.675356 0.000000
vt  0.996746 0.659508 0.000000
vt  0.996042 0.687410 0.000000
vt  0.943807 0.649750 0.000000
vt  0.785422 0.783029 0.000000
vt  0.749666 0.775446 0.000000
vt  0.357665 0.801472 0.000000
vt  0.450462 0.835817 0.000000
vt  0.891801 0.775963 0.000000
vt  0.942195 0.782858 0.000000
vt  0.815893 0.740619 0.000000
vt  0.748240 0.717187 0.000000
vt  0.052765 0.752823 0.000000
vt  0.009956 0.767408 0.000000
vt  0.049113 0.771235 0.000000
vt  0.082035 0.812789 0.000000
vt  0.208931 0.473441 0.000000
vt  0.215491 0.453502 0.000000
vt  0.225230 0.473795 0.000000
vt  0.358183 0.513007 0.000000
vt  0.348095 0.522086 0.000000
vt  0.342736 0.504690 0.000000
vt  0.752619 0.295491 0.000000
vt  0.752162 0.343893 0.000000
vt  0.762767 0.275439 0.000000
vt  0.490341 0.996530 0.000000
vt  0.507895 0.994524 0.000000
vt  0.381784 0.880644 0.000000
vt  0.422480 0.984964 0.000000
vt  0.381492 0.997643 0.000000
vt  0.715907 0.728025 0.000000
vt  0.838928 0.149539 0.000000
vt  0.237727 0.506196 0.000000
vt  0.303000 0.524948 0.000000
vt  0.229470 0.557085 0.000000
vt  0.612939 0.488325 0.000000
vt  0.940850 0.091283 0.000000
vt  0.812948 0.369682 0.000000
vt  0.395065 0.256863 0.000000
vt  0.053650 0.182730 0.000000
vt  0.231710 0.051654 0.000000
vt  0.521385 0.537102 0.000000
vt  0.593574 0.529313 0.000000
vt  0.539309 0.491361 0.000000
vt  0.581681 0.580347 0.000000
vt  0.527800 0.565185 0.000000
vt  0.536035 0.665728 0.000000
vt  0.869000 0.722819 0.000000
vt  0.867367 0.736649 0.000000
vt  0.840750 0.755460 0.000000
vt  0.828386 0.746964 0.000000
vt  0.726879 0.133297 0.000000
vt  0.614476 0.020694 0.000000
vt  0.583865 0.052443 0.000000
vt  0.580935 0.068476 0.000000
vt  0.617079 0.009225 0.000000
vt  0.714702 0.142655 0.000000
vt  0.652797 0.259837 0.000000
vt  0.648966 0.233590 0.000000
vt  0.792489 0.881693 0.000000
vt  0.812142 0.917795 0.000000
vt  0.788337 0.916189 0.000000
vt  0.758775 0.916686 0.000000
vt  0.532000 0.558000 0.000000
vt  0.535344 0.518080 0.000000
vt  0.670398 0.566046 0.000000
vt  0.449035 0.557195 0.000000
vt  0.955468 0.519966 0.000000
vt  0.855575 0.830523 0.000000
vt  0.397117 0.025318 0.000000
vt  0.412358 0.026907 0.000000
vt  0.392980 0.052452 0.000000
vt  0.388955 0.037019 0.000000
vt  0.395065 0.297485 0.000000
vt  0.008083 0.237321 0.000000
vt  0.008241 0.229482 0.000000
vt  0.198972 0.846257 0.000000
vt  0.366817 0.422551 0.000000
vt  0.345709 0.427863 0.000000
vt  0.839652 0.200164 0.000000
vt  0.371554 0.872426 0.000000
vt  0.361600 0.843725 0.000000
vt  0.292462 0.843310 0.000000
vt  0.401733 0.869779 0.000000
vt  0.512737 0.492435 0.000000
vt  0.522460 0.506312 0.000000
vt  0.464665 0.441822 0.000000
vt  0.462472 0.420563 0.000000
vt  0.292309 0.806712 0.000000
vt  0.245717 0.865160 0.000000
vt  0.838495 0.847893 0.000000
vt  0.822919 0.727441 0.000000
vt  0.617564 0.991476 0.000000
vt  0.656388 0.894799 0.000000
vt  0.615929 0.861718 0.000000
vt  0.646823 0.863864 0.000000
vt  0.468673 0.289199 0.000000
vt  0.467830 0.226042 0.000000
vt  0.410212 0.526511 0.000000
vt  0.497562 0.516991 0.000000
vt  0.801971 0.664502 0.000000
vt  0.843990 0.700861 0.000000
vt  0.793369 0.633474 0.000000
vt  0.726594 0.603174 0.000000
vt  0.737003 0.539331 0.000000
vt  0.756919 0.590387 0.000000
vt  0.757604 0.658597 0.000000
vt  0.731199 0.647645 0.000000
vt  0.991115 0.076182 0.000000
vt  0.870905 0.581555 0.000000
vt  0.908058 0.599943 0.000000
vt  0.896827 0.586705 0.000000
vt  0.914533 0.639024 0.000000
vt  0.830895 0.254512 0.000000
vt  0.308240 0.025705 0.000000
vt  0.421043 0.046737 0.000000
vt  0.991400 0.735866 0.000000
vt  0.851524 0.773134 0.000000
vt  0.812161 0.783412 0.000000
vt  0.812799 0.804907 0.000000
vt  0.351235 0.438981 0.000000
vt  0.630871 0.185848 0.000000
vt  0.940129 0.170758 0.000000
vt  0.978800 0.184341 0.000000
vt  0.394106 0.358694 0.000000
vt  0.332835 0.358746 0.000000
vt  0.007922 0.376280 0.000000
vt  0.064516 0.381482 0.000000
vt  0.353933 0.555149 0.000000
vt  0.218989 0.292335 0.000000
vt  0.279174 0.262101 0.000000
vt  0.449749 0.284647 0.000000
vt  0.432546 0.260328 0.000000
vt  0.413886 0.254758 0.000000
vt  0.252019 0.723662 0.000000
vt  0.297162 0.796865 0.000000
vt  0.697344 0.593794 0.000000
vt  0.707810 0.529274 0.000000
vt  0.769011 0.434134 0.000000
vt  0.759969 0.464305 0.000000
vt  0.743857 0.431405 0.000000
vt  0.858583 0.893054 0.000000
vt  0.857435 0.927057 0.000000
vt  0.067577 0.396126 0.000000
vt  0.009956 0.396126 0.000000
vt  0.868854 0.390802 0.000000
vt  0.721099 0.419286 0.000000
vt  0.739441 0.416529 0.000000
vt  0.725820 0.384226 0.000000
vt  0.779701 0.409737 0.000000
vt  0.803788 0.419451 0.000000
vt  0.791732 0.399464 0.000000
vt  0.620571 0.592722 0.000000
vt  0.585083 0.676513 0.000000
vt  0.497637 0.730768 0.000000
vt  0.009956 0.694733 0.000000
vt  0.670398 0.520968 0.000000
vt  0.213278 0.594174 0.000000
vt  0.269917 0.543627 0.000000
vt  0.242223 0.512961 0.000000
vt  0.786635 0.174201 0.000000
vt  0.738391 0.203433 0.000000
vt  0.598459 0.413179 0.000000
vt  0.615896 0.418564 0.000000
vt  0.607340 0.384340 0.000000
vt  0.893135 0.398803 0.000000
vt  0.874517 0.420587 0.000000
vt  0.901858 0.411369 0.000000
vt  0.706825 0.451487 0.000000
vt  0.698736 0.516074 0.000000
vt  0.067978 0.213853 0.000000
vt  0.505338 0.831588 0.000000
vt  0.801016 0.440715 0.000000
vt  0.847788 0.437837 0.000000
vt  0.670398 0.835175 0.000000
vt  0.931269 0.617000 0.000000
vt  0.923027 0.634883 0.000000
vt  0.602133 0.734676 0.000000
vt  0.741387 0.281656 0.000000
vt  0.968500 0.903727 0.000000
vt  0.790717 0.992221 0.000000
vt  0.790582 0.949640 0.000000
vt  0.830296 0.949961 0.000000
vt  0.461183 0.997225 0.000000
vt  0.564077 0.891364 0.000000
vt  0.042216 0.697871 0.000000
vt  0.099867 0.661715 0.000000
vt  0.746157 0.156123 0.000000
vt  0.712541 0.164598 0.000000
vt  0.870670 0.346641 0.000000
vt  0.344119 0.493918 0.000000
vt  0.317071 0.502823 0.000000
vt  0.938496 0.645334 0.000000
vt  0.991473 0.478718 0.000000
vt  0.691272 0.728025 0.000000
vt  0.674377 0.713730 0.000000
vt  0.086566 0.020251 0.000000
vt  0.049171 0.025622 0.000000
vt  0.006301 0.132143 0.000000
vt  0.201072 0.039393 0.000000
vt  0.813169 0.344313 0.000000
vt  0.393920 0.028586 0.000000
vt  0.243752 0.638444 0.000000
vt  0.706888 0.867176 0.000000
vt  0.830750 0.992381 0.000000
vt  0.742869 0.379727 0.000000
vt  0.763626 0.382661 0.000000
vt  0.791991 0.372708 0.000000
vt  0.497452 0.138257 0.000000
vt  0.803758 0.347652 0.000000
vt  0.925883 0.400412 0.000000
vt  0.937699 0.401781 0.000000
vt  0.497637 0.996346 0.000000
vt  0.565673 0.977173 0.000000
vt  0.497637 0.932407 0.000000
vt  0.056408 0.645334 0.000000
vt  0.059122 0.736821 0.000000
vt  0.482936 0.203046 0.000000
vt  0.473603 0.213131 0.000000
vt  0.784559 0.512549 0.000000
vt  0.752680 0.512961 0.000000
vt  0.801676 0.558957 0.000000
vt  0.212213 0.237154 0.000000
vt  0.033274 0.165666 0.000000
vt  0.497452 0.444692 0.000000
vt  0.536538 0.471806 0.000000
vt  0.530238 0.441822 0.000000
vt  0.540984 0.354111 0.000000
vt  0.568202 0.413881 0.000000
vt  0.150040 0.407706 0.000000
vt  0.701671 0.911860 0.000000
vt  0.696687 0.882426 0.000000
vt  0.718572 0.911928 0.000000
vt  0.808927 0.817724 0.000000
vt  0.824082 0.817720 0.000000
vt  0.254874 0.484120 0.000000
vt  0.266336 0.461630 0.000000
vt  0.356018 0.524127 0.000000
vt  0.366718 0.525318 0.000000
vt  0.724987 0.543627 0.000000
vt  0.781626 0.594174 0.000000
vt  0.877981 0.827010 0.000000
vt  0.612578 0.237620 0.000000
vt  0.445533 0.992599 0.000000
vt  0.444880 0.989579 0.000000
vt  0.405641 0.862698 0.000000
vt  0.490262 0.944386 0.000000
vt  0.292605 0.720088 0.000000
vt  0.374332 0.592722 0.000000
vt  0.451051 0.728704 0.000000
vt  0.401639 0.800102 0.000000
vt  0.497253 0.463000 0.000000
vt  0.497452 0.453932 0.000000
vt  0.482167 0.492435 0.000000
vt  0.472443 0.506312 0.000000
vt  0.280570 0.417060 0.000000
vt  0.245656 0.472815 0.000000
vt  0.466978 0.944639 0.000000
vt  0.242005 0.859815 0.000000
vt  0.273852 0.443086 0.000000
vt  0.273569 0.459654 0.000000
vt  0.289217 0.451895 0.000000
vt  0.966139 0.946497 0.000000
vt  0.978481 0.922719 0.000000
vt  0.943011 0.942569 0.000000
vt  0.745790 0.659383 0.000000
vt  0.855902 0.711087 0.000000
vt  0.291418 0.358562 0.000000
vt  0.980450 0.363067 0.000000
vt  0.927681 0.357762 0.000000
vt  0.886286 0.365684 0.000000
vt  0.111033 0.217946 0.000000
vt  0.179496 0.240329 0.000000
vt  0.003616 0.619515 0.000000
vt  0.003430 0.478718 0.000000
vt  0.471667 0.847081 0.000000
vt  0.861209 0.746046 0.000000
vt  0.852247 0.755245 0.000000
vt  0.802839 0.697030 0.000000
vt  0.478065 0.889866 0.000000
vt  0.435681 0.891675 0.000000
vt  0.690937 0.895458 0.000000
vt  0.687091 0.871492 0.000000
vt  0.886101 0.557683 0.000000
vt  0.514186 0.027859 0.000000
vt  0.582518 0.058025 0.000000
vt  0.648681 0.346868 0.000000
vt  0.640383 0.983603 0.000000
vt  0.473913 0.926968 0.000000
vt  0.453908 0.934060 0.000000
vt  0.444841 0.927596 0.000000
vt  0.582859 0.237516 0.000000
vt  0.546475 0.206586 0.000000
vt  0.432772 0.065478 0.000000
vt  0.462480 0.036380 0.000000
vt  0.376432 0.064734 0.000000
vt  0.463385 0.644312 0.000000
vt  0.251536 0.045323 0.000000
vt  0.240825 0.050680 0.000000
vt  0.613439 0.497960 0.000000
vt  0.590171 0.455820 0.000000
vt  0.215444 0.248030 0.000000
vt  0.290944 0.410442 0.000000
vt  0.326633 0.410254 0.000000
vt  0.619102 0.892623 0.000000
vt  0.570729 0.860922 0.000000
vt  0.690097 0.618566 0.000000
vt  0.720054 0.623431 0.000000
vt  0.210344 0.512549 0.000000
vt  0.193227 0.558957 0.000000
vt  0.178975 0.535671 0.000000
vt  0.206592 0.511220 0.000000
vt  0.940451 0.992264 0.000000
vt  0.939952 0.950164 0.000000
vt  0.548980 0.299752 0.000000
vt  0.842968 0.992186 0.000000
vt  0.842882 0.950075 0.000000
vt  0.992875 0.846156 0.000000
vt  0.305457 0.440442 0.000000
vt  0.288149 0.443318 0.000000
vt  0.326549 0.445185 0.000000
vt  0.386741 0.440106 0.000000
vt  0.592479 0.489120 0.000000
vt  0.390828 0.876763 0.000000
vt  0.391845 0.929903 0.000000
vt  0.429601 0.977173 0.000000
vt  0.408344 0.482427 0.000000
vt  0.224919 0.436144 0.000000
vt  0.795441 0.857462 0.000000
vt  0.526316 0.975363 0.000000
vt  0.491597 0.936376 0.000000
vt  0.856004 0.875632 0.000000
vt  0.284611 0.871347 0.000000
vt  0.739476 0.456032 0.000000
vt  0.974453 0.452715 0.000000
vt  0.973059 0.422014 0.000000
vt  0.483998 0.556860 0.000000
vt  0.439965 0.562429 0.000000
vt  0.894658 0.879090 0.000000
vt  0.839372 0.349285 0.000000
vt  0.856450 0.265103 0.000000
vt  0.951252 0.349571 0.000000
vt  0.938183 0.339918 0.000000
vt  0.845912 0.276600 0.000000
vt  0.842904 0.339297 0.000000
vt  0.698566 0.635671 0.000000
vt  0.497452 0.708204 0.000000
vt  0.543852 0.728704 0.000000
vt  0.336849 0.526404 0.000000
vt  0.320423 0.522596 0.000000
vt  0.693933 0.157724 0.000000
vt  0.677845 0.480560 0.000000
vt  0.648969 0.487654 0.000000
vt  0.678186 0.498850 0.000000
vt  0.749247 0.472815 0.000000
vt  0.942552 0.770454 0.000000
vt  0.964148 0.792842 0.000000
vt  0.613949 0.452288 0.000000
vt  0.685328 0.436739 0.000000
vt  0.678696 0.453177 0.000000
vt  0.189617 0.410499 0.000000
vt  0.945051 0.624004 0.000000
vt  0.497452 0.316559 0.000000
vt  0.558062 0.268091 0.000000
vt  0.497452 0.275396 0.000000
vt  0.604476 0.434024 0.000000
vt  0.358308 0.198448 0.000000
vt  0.699747 0.804510 0.000000
vt  0.637024 0.158050 0.000000
vt  0.349838 0.036550 0.000000
vt  0.886816 0.386448 0.000000
vt  0.865095 0.712086 0.000000
vt  0.716373 0.635671 0.000000
vt  0.052905 0.684584 0.000000
vt  0.189464 0.558519 0.000000
vt  0.372333 0.509909 0.000000
vt  0.795228 0.058938 0.000000
vt  0.803706 0.043980 0.000000
vt  0.362270 0.807480 0.000000
vt  0.629968 0.426574 0.000000
vt  0.667850 0.433153 0.000000
vt  0.789370 0.866888 0.000000
vt  0.791252 0.808167 0.000000
vt  0.890860 0.763245 0.000000
vt  0.368040 0.695234 0.000000
vt  0.420426 0.704303 0.000000
vt  0.997479 0.266012 0.000000
vt  0.971764 0.279603 0.000000
vt  0.536531 0.408296 0.000000
vt  0.512663 0.382655 0.000000
vt  0.458372 0.408296 0.000000
vt  0.482240 0.382655 0.000000
vt  0.201661 0.960119 0.000000
vt  0.603429 0.929903 0.000000
vt  0.723463 0.484259 0.000000
vt  0.798930 0.397567 0.000000
vt  0.788733 0.389728 0.000000
vt  0.898019 0.433710 0.000000
vt  0.510905 0.556860 0.000000
vt  0.554939 0.562429 0.000000
vt  0.534288 0.555097 0.000000
vt  0.614269 0.490729 0.000000
vt  0.444462 0.964289 0.000000
vt  0.538935 0.320875 0.000000
vt  0.497452 0.355599 0.000000
vt  0.641733 0.746796 0.000000
vt  0.626863 0.695234 0.000000
vt  0.574477 0.704303 0.000000
vt  0.390650 0.243181 0.000000
vt  0.008241 0.166548 0.000000
vt  0.991473 0.517112 0.000000
vt  0.003431 0.517112 0.000000
vt  0.815928 0.535671 0.000000
vt  0.805439 0.558519 0.000000
vt  0.815769 0.740775 0.000000
vt  0.388656 0.535435 0.000000
vt  0.598464 0.543951 0.000000
vt  0.576945 0.551616 0.000000
vt  0.611510 0.565904 0.000000
vt  0.557467 0.541492 0.000000
vt  0.210168 0.599366 0.000000
vt  0.202100 0.604332 0.000000
vt  0.254014 0.594335 0.000000
vt  0.497452 0.558526 0.000000
vt  0.497452 0.492012 0.000000
vt  0.511660 0.473481 0.000000
vt  0.837122 0.836741 0.000000
vt  0.246175 0.436745 0.000000
vt  0.933825 0.426747 0.000000
vt  0.590249 0.300029 0.000000
vt  0.734765 0.381210 0.000000
vt  0.417958 0.551616 0.000000
vt  0.396440 0.543951 0.000000
vt  0.383393 0.565904 0.000000
vt  0.437436 0.541492 0.000000
vt  0.360730 0.413201 0.000000
vt  0.397009 0.461829 0.000000
vt  0.334590 0.511038 0.000000
vt  0.830242 0.864581 0.000000
vt  0.890079 0.824849 0.000000
vt  0.854593 0.821414 0.000000
vt  0.939067 0.734762 0.000000
vt  0.229101 0.410172 0.000000
vt  0.843007 0.010005 0.000000
vt  0.748527 0.423066 0.000000
vt  0.493175 0.018506 0.000000
vt  0.484928 0.004986 0.000000
vt  0.792009 0.114017 0.000000
vt  0.828797 0.159740 0.000000
vt  0.427286 0.204906 0.000000
vt  0.457755 0.204235 0.000000
vt  0.950732 0.401578 0.000000
vt  0.591319 0.419526 0.000000
vt  0.602321 0.379042 0.000000
vt  0.519886 0.194693 0.000000
vt  0.394100 0.410457 0.000000
vt  0.255511 0.592161 0.000000
vt  0.522410 0.859660 0.000000
vt  0.378864 0.423448 0.000000
vt  0.817849 0.811365 0.000000
vt  0.867517 0.371819 0.000000
vt  0.796103 0.054584 0.000000
vt  0.580870 0.207517 0.000000
vt  0.242465 0.479728 0.000000
vt  0.753802 0.748539 0.000000
vt  0.839302 0.738318 0.000000
vt  0.155601 0.738318 0.000000
vt  0.391444 0.500122 0.000000
vt  0.532431 0.420563 0.000000
vt  0.497452 0.421831 0.000000
vt  0.708182 0.425753 0.000000
vt  0.715357 0.939741 0.000000
vt  0.715737 0.987891 0.000000
vt  0.496214 0.873506 0.000000
vt  0.464907 0.933608 0.000000
vt  0.646367 0.484800 0.000000
vt  0.649866 0.483195 0.000000
vt  0.748739 0.478597 0.000000
vt  0.788311 0.511220 0.000000
vt  0.739393 0.592161 0.000000
vt  0.740889 0.594335 0.000000
vt  0.938689 0.651691 0.000000
vt  0.471277 0.204909 0.000000
vt  0.715571 0.957114 0.000000
vt  0.945639 0.968849 0.000000
vt  0.497452 0.651667 0.000000
vt  0.497452 0.566643 0.000000
vt  0.246164 0.478597 0.000000
vt  0.003514 0.728606 0.000000
vt  0.535060 0.865928 0.000000
vt  0.497452 0.406389 0.000000
vt  0.497452 0.385943 0.000000
vt  0.986163 0.639789 0.000000
vt  0.370716 0.533496 0.000000
vt  0.624187 0.533496 0.000000
vt  0.738037 0.910032 0.000000
vt  0.984525 0.871528 0.000000
vt  0.098725 0.008691 0.000000
vt  0.270194 0.052459 0.000000
vt  0.560682 0.204907 0.000000
vt  0.580244 0.222895 0.000000
vt  0.700606 0.831861 0.000000
vt  0.255444 0.220724 0.000000
vt  0.460615 0.555097 0.000000
vt  0.980446 0.482670 0.000000
vt  0.735063 0.713730 0.000000
vt  0.615001 0.553603 0.000000
vt  0.379902 0.553603 0.000000
vt  0.492260 0.036259 0.000000
vt  0.479424 0.039751 0.000000
vt  0.277180 0.576942 0.000000
vt  0.717723 0.576942 0.000000
vt  0.327640 0.255627 0.000000
vt  0.497452 0.476583 0.000000
vt  0.483641 0.473282 0.000000
vt  0.420272 0.039485 0.000000
vt  0.417329 0.562499 0.000000
vt  0.410630 0.568570 0.000000
vt  0.441645 0.036307 0.000000
vt  0.784735 0.599366 0.000000
vt  0.584273 0.568570 0.000000
vt  0.468541 0.288970 0.000000
vt  0.367125 0.035652 0.000000
vt  0.418072 0.026448 0.000000
vt  0.577574 0.562499 0.000000
vt  0.571517 0.207801 0.000000
vt  0.460589 0.546201 0.000000
vt  0.534314 0.546201 0.000000
vt  0.359785 0.747206 0.000000
vt  0.499719 0.746249 0.000000
vt  0.252034 0.213453 0.000000
vt  0.360430 0.189571 0.000000
vt  0.216367 0.327454 0.000000
vt  0.287585 0.331862 0.000000
vt  0.339864 0.630415 0.000000
vt  0.340111 0.569513 0.000000
vt  0.944111 0.302562 0.000000
vt  0.913712 0.240780 0.000000
vt  0.716317 0.250442 0.000000
vt  0.696000 0.200632 0.000000
vt  0.173868 0.631436 0.000000
vt  0.187161 0.566605 0.000000
vt  0.452340 0.084775 0.000000
vt  0.833823 0.282325 0.000000
vt  0.814553 0.322835 0.000000
vt  0.618604 0.342977 0.000000
vt  0.654405 0.306336 0.000000
vt  0.340111 0.569513 0.000000
vt  0.339864 0.630415 0.000000
vt  0.680971 0.260183 0.000000
vt  0.684127 0.305513 0.000000
vt  0.716317 0.250442 0.000000
vt  0.811544 0.404496 0.000000
vt  0.840405 0.389069 0.000000
vt  0.452340 0.084775 0.000000
vt  0.087082 0.024992 0.000000
vt  0.087182 0.081678 0.000000
vt  0.799585 0.243000 0.000000
vt  0.783573 0.276550 0.000000
vt  0.885700 0.198856 0.000000
vt  0.894208 0.178325 0.000000
vt  0.904777 0.457729 0.000000
vt  0.912379 0.557539 0.000000
vt  0.845343 0.714278 0.000000
vt  0.825703 0.711663 0.000000
vt  0.463081 0.632771 0.000000
vt  0.781219 0.508552 0.000000
vt  0.760718 0.556066 0.000000
vt  0.789818 0.548279 0.000000
vt  0.989602 0.611551 0.000000
vt  0.936051 0.589176 0.000000
vt  0.947443 0.908311 0.000000
vt  0.939587 0.815544 0.000000
vt  0.814013 0.764654 0.000000
vt  0.729104 0.736503 0.000000
vt  0.092871 0.684513 0.000000
vt  0.172833 0.724235 0.000000
vt  0.488594 0.294669 0.000000
vt  0.488590 0.238680 0.000000
vt  0.203262 0.231470 0.000000
vt  0.157633 0.446400 0.000000
vt  0.086997 0.461585 0.000000
vt  0.750670 0.793633 0.000000
vt  0.781316 0.871764 0.000000
vt  0.784309 0.801345 0.000000
vt  0.870781 0.774340 0.000000
vt  0.853711 0.814568 0.000000
vt  0.556514 0.988803 0.000000
vt  0.587585 0.992710 0.000000
vt  0.438081 0.882188 0.000000
vt  0.477339 0.882160 0.000000
vt  0.920460 0.090307 0.000000
vt  0.881062 0.071869 0.000000
vt  0.679158 0.678853 0.000000
vt  0.736813 0.678512 0.000000
vt  0.537533 0.443971 0.000000
vt  0.783573 0.276550 0.000000
vt  0.833823 0.282325 0.000000
vt  0.722968 0.354934 0.000000
vt  0.728542 0.294233 0.000000
vt  0.812405 0.504854 0.000000
vt  0.862220 0.471083 0.000000
vt  0.775087 0.666365 0.000000
vt  0.770251 0.695750 0.000000
vt  0.750624 0.681341 0.000000
vt  0.938438 0.388831 0.000000
vt  0.927860 0.366647 0.000000
vt  0.976092 0.400094 0.000000
vt  0.996406 0.400906 0.000000
vt  0.680295 0.233260 0.000000
vt  0.696000 0.200632 0.000000
vt  0.962797 0.249714 0.000000
vt  0.933859 0.213405 0.000000
vt  0.482791 0.347601 0.000000
vt  0.461710 0.344167 0.000000
vt  0.750670 0.793633 0.000000
vt  0.781316 0.871764 0.000000
vt  0.972429 0.868493 0.000000
vt  0.959651 0.815428 0.000000
vt  0.904777 0.457729 0.000000
vt  0.938389 0.544974 0.000000
vt  0.933796 0.453922 0.000000
vt  0.750094 0.490099 0.000000
vt  0.760718 0.556066 0.000000
vt  0.309349 0.079527 0.000000
vt  0.252034 0.213453 0.000000
vt  0.402976 0.037452 0.000000
vt  0.415837 0.040386 0.000000
vt  0.266768 0.080897 0.000000
vt  0.229237 0.403568 0.000000
vt  0.191120 0.403776 0.000000
vt  0.076099 0.372217 0.000000
vt  0.154801 0.400385 0.000000
vt  0.520322 0.187271 0.000000
vt  0.583373 0.195996 0.000000
vt  0.636747 0.416900 0.000000
vt  0.647834 0.369846 0.000000
vt  0.682913 0.347448 0.000000
vt  0.722968 0.354934 0.000000
vt  0.815334 0.866183 0.000000
vt  0.807553 0.825516 0.000000
vt  0.934853 0.679539 0.000000
vt  0.935854 0.710838 0.000000
vt  0.951546 0.146135 0.000000
vt  0.890942 0.152514 0.000000
vt  0.938955 0.127445 0.000000
vt  0.905614 0.017730 0.000000
vt  0.964081 0.038022 0.000000
vt  0.275205 0.468638 0.000000
vt  0.299334 0.497010 0.000000
vt  0.372811 0.495665 0.000000
vt  0.372618 0.459320 0.000000
vt  0.185283 0.364177 0.000000
vt  0.250483 0.364015 0.000000
vt  0.330364 0.364241 0.000000
vt  0.678637 0.961685 0.000000
vt  0.657889 0.930497 0.000000
vt  0.436741 0.900207 0.000000
vt  0.439721 0.916278 0.000000
vt  0.799585 0.243000 0.000000
vt  0.760050 0.234095 0.000000
vt  0.697742 0.170387 0.000000
vt  0.699534 0.186584 0.000000
vt  0.403211 0.057406 0.000000
vt  0.416014 0.055568 0.000000
vt  0.512714 0.079418 0.000000
vt  0.585962 0.089425 0.000000
vt  0.352145 0.638428 0.000000
vt  0.288690 0.669029 0.000000
vt  0.225251 0.649302 0.000000
vt  0.172833 0.724235 0.000000
vt  0.146390 0.664099 0.000000
vt  0.372618 0.459320 0.000000
vt  0.343609 0.450877 0.000000
vt  0.372618 0.459320 0.000000
vt  0.236703 0.467019 0.000000
vt  0.233017 0.449277 0.000000
vt  0.256249 0.451937 0.000000
vt  0.883154 0.657834 0.000000
vt  0.882763 0.702227 0.000000
vt  0.883154 0.657834 0.000000
vt  0.882763 0.702227 0.000000
vt  0.500758 0.959683 0.000000
vt  0.478435 0.989394 0.000000
vt  0.259585 0.996186 0.000000
vt  0.281035 0.884786 0.000000
vt  0.962797 0.249714 0.000000
vt  0.944111 0.302562 0.000000
vt  0.818260 0.357196 0.000000
vt  0.840405 0.389069 0.000000
vt  0.854828 0.356996 0.000000
vt  0.244031 0.196172 0.000000
vt  0.254687 0.089199 0.000000
vt  0.220800 0.177303 0.000000
vt  0.154420 0.025874 0.000000
vt  0.210462 0.033061 0.000000
vt  0.084149 0.801231 0.000000
vt  0.446029 0.378993 0.000000
vt  0.461706 0.344169 0.000000
vt  0.150326 0.355620 0.000000
vt  0.833823 0.282325 0.000000
vt  0.881391 0.298484 0.000000
vt  0.834456 0.244479 0.000000
vt  0.803441 0.240050 0.000000
vt  0.975860 0.368765 0.000000
vt  0.964683 0.368865 0.000000
vt  0.914044 0.399113 0.000000
vt  0.914047 0.368084 0.000000
vt  0.074150 0.319085 0.000000
vt  0.056374 0.240784 0.000000
vt  0.343609 0.450877 0.000000
vt  0.372618 0.459320 0.000000
vt  0.343609 0.450877 0.000000
vt  0.339457 0.472669 0.000000
vt  0.321549 0.470730 0.000000
vt  0.305422 0.465412 0.000000
vt  0.915286 0.992468 0.000000
vt  0.875887 0.992405 0.000000
vt  0.721491 0.877408 0.000000
vt  0.727235 0.783686 0.000000
vt  0.618395 0.930761 0.000000
vt  0.562963 0.931309 0.000000
vt  0.441541 0.863509 0.000000
vt  0.452456 0.847292 0.000000
vt  0.463081 0.632771 0.000000
vt  0.327774 0.403690 0.000000
vt  0.862220 0.471083 0.000000
vt  0.812405 0.504854 0.000000
vt  0.809357 0.474970 0.000000
vt  0.881466 0.873771 0.000000
vt  0.840462 0.853486 0.000000
vt  0.259585 0.996186 0.000000
vt  0.224318 0.981605 0.000000
vt  0.478435 0.989394 0.000000
vt  0.500758 0.959683 0.000000
vt  0.938955 0.127445 0.000000
vt  0.887869 0.125911 0.000000
vt  0.847609 0.115181 0.000000
vt  0.808755 0.109663 0.000000
vt  0.592497 0.515653 0.000000
vt  0.631580 0.497368 0.000000
vt  0.647125 0.479828 0.000000
vt  0.627564 0.454861 0.000000
vt  0.662116 0.455283 0.000000
vt  0.591150 0.745901 0.000000
vt  0.839447 0.208367 0.000000
vt  0.800326 0.207461 0.000000
vt  0.631715 0.170608 0.000000
vt  0.665564 0.149125 0.000000
vt  0.839212 0.427053 0.000000
vt  0.876575 0.404073 0.000000
vt  0.667872 0.426767 0.000000
vt  0.702798 0.417039 0.000000
vt  0.950457 0.057883 0.000000
vt  0.896181 0.050594 0.000000
vt  0.852074 0.023393 0.000000
vt  0.813815 0.060916 0.000000
vt  0.854004 0.053611 0.000000
vt  0.900295 0.399242 0.000000
vt  0.901465 0.367353 0.000000
vt  0.775042 0.949643 0.000000
vt  0.745079 0.948610 0.000000
vt  0.807553 0.825516 0.000000
vt  0.815334 0.866183 0.000000
vt  0.826028 0.825569 0.000000
vt  0.453939 0.571780 0.000000
vt  0.293633 0.364186 0.000000
vt  0.295325 0.403399 0.000000
vt  0.147901 0.308561 0.000000
vt  0.192463 0.328812 0.000000
vt  0.191550 0.355317 0.000000
vt  0.243821 0.358726 0.000000
vt  0.537533 0.443971 0.000000
vt  0.588101 0.394142 0.000000
vt  0.938955 0.127445 0.000000
vt  0.920460 0.090307 0.000000
vt  0.959580 0.093423 0.000000
vt  0.987180 0.113980 0.000000
vt  0.896181 0.050594 0.000000
vt  0.057625 0.040202 0.000000
vt  0.087182 0.081678 0.000000
vt  0.074150 0.319085 0.000000
vt  0.857323 0.879802 0.000000
vt  0.822600 0.878624 0.000000
vt  0.898133 0.941011 0.000000
vt  0.902546 0.892798 0.000000
vt  0.483046 0.453164 0.000000
vt  0.494501 0.486453 0.000000
vt  0.511245 0.419747 0.000000
vt  0.516683 0.206183 0.000000
vt  0.542618 0.227324 0.000000
vt  0.490271 0.902312 0.000000
vt  0.523076 0.932459 0.000000
vt  0.478374 0.899419 0.000000
vt  0.476883 0.916670 0.000000
vt  0.834998 0.570737 0.000000
vt  0.837533 0.623103 0.000000
vt  0.783808 0.595459 0.000000
vt  0.766161 0.640270 0.000000
vt  0.087075 0.568738 0.000000
vt  0.185404 0.104751 0.000000
vt  0.116887 0.210902 0.000000
vt  0.072184 0.180928 0.000000
vt  0.071512 0.168333 0.000000
vt  0.446016 0.379000 0.000000
vt  0.745320 0.994231 0.000000
vt  0.774767 0.992508 0.000000
vt  0.875841 0.950043 0.000000
vt  0.914995 0.949630 0.000000
vt  0.360430 0.189571 0.000000
vt  0.427675 0.198855 0.000000
vt  0.964683 0.368865 0.000000
vt  0.964554 0.400873 0.000000
vt  0.288931 0.294766 0.000000
vt  0.287585 0.331862 0.000000
vt  0.647125 0.479828 0.000000
vt  0.913712 0.240780 0.000000
vt  0.869017 0.247048 0.000000
vt  0.874162 0.205003 0.000000
vt  0.863577 0.239349 0.000000
vt  0.538888 0.362212 0.000000
vt  0.564320 0.373072 0.000000
vt  0.564320 0.373072 0.000000
vt  0.538888 0.362212 0.000000
vt  0.949259 0.367049 0.000000
vt  0.927860 0.366647 0.000000
vt  0.938438 0.388831 0.000000
vt  0.851586 0.326702 0.000000
vt  0.881391 0.298484 0.000000
vt  0.915862 0.339211 0.000000
vt  0.971811 0.319820 0.000000
vt  0.571051 0.677220 0.000000
vt  0.581825 0.838847 0.000000
vt  0.056374 0.240784 0.000000
vt  0.088022 0.300105 0.000000
vt  0.088022 0.300105 0.000000
vt  0.150532 0.343604 0.000000
vt  0.172833 0.724235 0.000000
vt  0.092871 0.684513 0.000000
vt  0.146390 0.664099 0.000000
vt  0.996746 0.659508 0.000000
vt  0.996042 0.687410 0.000000
vt  0.785422 0.783029 0.000000
vt  0.814013 0.764654 0.000000
vt  0.749666 0.775446 0.000000
vt  0.462094 0.818572 0.000000
vt  0.499719 0.746249 0.000000
vt  0.487856 0.665486 0.000000
vt  0.499719 0.746249 0.000000
vt  0.891801 0.775963 0.000000
vt  0.942195 0.782858 0.000000
vt  0.787243 0.714705 0.000000
vt  0.748240 0.717187 0.000000
vt  0.084149 0.801231 0.000000
vt  0.225230 0.473795 0.000000
vt  0.215491 0.453502 0.000000
vt  0.358183 0.513007 0.000000
vt  0.348095 0.522086 0.000000
vt  0.752619 0.295491 0.000000
vt  0.728542 0.294233 0.000000
vt  0.752162 0.343893 0.000000
vt  0.760050 0.234095 0.000000
vt  0.762767 0.275439 0.000000
vt  0.478435 0.989394 0.000000
vt  0.507895 0.994524 0.000000
vt  0.490341 0.996530 0.000000
vt  0.422480 0.984964 0.000000
vt  0.381492 0.997643 0.000000
vt  0.679158 0.678853 0.000000
vt  0.808755 0.109663 0.000000
vt  0.157633 0.565210 0.000000
vt  0.087075 0.568738 0.000000
vt  0.303000 0.524948 0.000000
vt  0.237727 0.506196 0.000000
vt  0.627564 0.454861 0.000000
vt  0.457418 0.404042 0.000000
vt  0.446016 0.379000 0.000000
vt  0.538888 0.362212 0.000000
vt  0.482791 0.347601 0.000000
vt  0.920460 0.090307 0.000000
vt  0.887869 0.125911 0.000000
vt  0.938955 0.127445 0.000000
vt  0.940850 0.091283 0.000000
vt  0.752619 0.295491 0.000000
vt  0.752162 0.343893 0.000000
vt  0.840405 0.389069 0.000000
vt  0.818260 0.357196 0.000000
vt  0.812948 0.369682 0.000000
vt  0.185404 0.104751 0.000000
vt  0.116887 0.210902 0.000000
vt  0.220800 0.177303 0.000000
vt  0.220800 0.177303 0.000000
vt  0.684127 0.305513 0.000000
vt  0.654405 0.306336 0.000000
vt  0.647834 0.369846 0.000000
vt  0.682874 0.369244 0.000000
vt  0.847124 0.732027 0.000000
vt  0.867367 0.736649 0.000000
vt  0.828386 0.746964 0.000000
vt  0.840750 0.755460 0.000000
vt  0.511245 0.419747 0.000000
vt  0.680971 0.260183 0.000000
vt  0.652797 0.259837 0.000000
vt  0.648966 0.233590 0.000000
vt  0.633711 0.199364 0.000000
vt  0.812142 0.917795 0.000000
vt  0.823532 0.892239 0.000000
vt  0.781316 0.871764 0.000000
vt  0.758775 0.916686 0.000000
vt  0.988522 0.521330 0.000000
vt  0.955468 0.519966 0.000000
vt  0.889084 0.851773 0.000000
vt  0.855575 0.830523 0.000000
vt  0.397117 0.025318 0.000000
vt  0.402976 0.037452 0.000000
vt  0.412358 0.026907 0.000000
vt  0.402976 0.037452 0.000000
vt  0.388955 0.037019 0.000000
vt  0.392980 0.052452 0.000000
vt  0.324559 0.300237 0.000000
vt  0.459900 0.198528 0.000000
vt  0.427675 0.198855 0.000000
vt  0.033322 0.254759 0.000000
vt  0.056374 0.240784 0.000000
vt  0.056374 0.240784 0.000000
vt  0.172833 0.724235 0.000000
vt  0.299334 0.497010 0.000000
vt  0.275205 0.468638 0.000000
vt  0.345709 0.427863 0.000000
vt  0.368361 0.435173 0.000000
vt  0.795433 0.201351 0.000000
vt  0.839652 0.200164 0.000000
vt  0.840587 0.171328 0.000000
vt  0.839652 0.200164 0.000000
vt  0.381784 0.880644 0.000000
vt  0.361600 0.843725 0.000000
vt  0.292462 0.843310 0.000000
vt  0.292462 0.843310 0.000000
vt  0.361600 0.843725 0.000000
vt  0.267820 0.880641 0.000000
vt  0.245717 0.865160 0.000000
vt  0.838495 0.847893 0.000000
vt  0.826028 0.825569 0.000000
vt  0.727235 0.783686 0.000000
vt  0.721491 0.877408 0.000000
vt  0.847124 0.732027 0.000000
vt  0.936051 0.589176 0.000000
vt  0.822919 0.727441 0.000000
vt  0.657889 0.930497 0.000000
vt  0.618395 0.930761 0.000000
vt  0.656388 0.894799 0.000000
vt  0.646823 0.863864 0.000000
vt  0.498160 0.225047 0.000000
vt  0.494501 0.486453 0.000000
vt  0.497562 0.516991 0.000000
vt  0.843990 0.700861 0.000000
vt  0.838398 0.651296 0.000000
vt  0.793369 0.633474 0.000000
vt  0.801971 0.664502 0.000000
vt  0.756919 0.590387 0.000000
vt  0.737003 0.539331 0.000000
vt  0.758958 0.613326 0.000000
vt  0.757604 0.658597 0.000000
vt  0.538000 0.638000 0.000000
vt  0.531435 0.572075 0.000000
vt  0.959580 0.093423 0.000000
vt  0.987180 0.113980 0.000000
vt  0.731199 0.647645 0.000000
vt  0.682162 0.647951 0.000000
vt  0.991115 0.076182 0.000000
vt  0.886431 0.628931 0.000000
vt  0.870905 0.581555 0.000000
vt  0.914533 0.639024 0.000000
vt  0.896827 0.586705 0.000000
vt  0.783573 0.276550 0.000000
vt  0.799585 0.243000 0.000000
vt  0.830895 0.254512 0.000000
vt  0.833823 0.282325 0.000000
vt  0.308240 0.025705 0.000000
vt  0.415837 0.040386 0.000000
vt  0.402976 0.037452 0.000000
vt  0.902546 0.892798 0.000000
vt  0.939587 0.815544 0.000000
vt  0.896480 0.819405 0.000000
vt  0.991400 0.735866 0.000000
vt  0.996712 0.708337 0.000000
vt  0.364774 0.082069 0.000000
vt  0.288931 0.294766 0.000000
vt  0.324559 0.300237 0.000000
vt  0.870781 0.774340 0.000000
vt  0.851524 0.773134 0.000000
vt  0.853711 0.814568 0.000000
vt  0.784309 0.801345 0.000000
vt  0.812799 0.804907 0.000000
vt  0.631715 0.170608 0.000000
vt  0.630871 0.185848 0.000000
vt  0.933859 0.213405 0.000000
vt  0.978800 0.184341 0.000000
vt  0.324489 0.336054 0.000000
vt  0.076099 0.372217 0.000000
vt  0.940850 0.091283 0.000000
vt  0.959580 0.093423 0.000000
vt  0.950457 0.057883 0.000000
vt  0.991115 0.076182 0.000000
vt  0.449035 0.557195 0.000000
vt  0.453939 0.571780 0.000000
vt  0.246126 0.573297 0.000000
vt  0.340111 0.569513 0.000000
vt  0.531435 0.572075 0.000000
vt  0.353933 0.555149 0.000000
vt  0.482791 0.347601 0.000000
vt  0.252034 0.213453 0.000000
vt  0.254687 0.089199 0.000000
vt  0.244031 0.196172 0.000000
vt  0.218989 0.292335 0.000000
vt  0.216367 0.327454 0.000000
vt  0.279174 0.262101 0.000000
vt  0.461706 0.344169 0.000000
vt  0.462094 0.818572 0.000000
vt  0.198972 0.846257 0.000000
vt  0.898133 0.941011 0.000000
vt  0.902546 0.892798 0.000000
vt  0.812142 0.917795 0.000000
vt  0.823532 0.892239 0.000000
vt  0.737003 0.539331 0.000000
vt  0.707810 0.529274 0.000000
vt  0.769011 0.434134 0.000000
vt  0.759969 0.464305 0.000000
vt  0.086997 0.461585 0.000000
vt  0.157633 0.446400 0.000000
vt  0.330364 0.364241 0.000000
vt  0.868854 0.390802 0.000000
vt  0.840405 0.389069 0.000000
vt  0.811544 0.404496 0.000000
vt  0.876575 0.404073 0.000000
vt  0.840405 0.389069 0.000000
vt  0.739441 0.416529 0.000000
vt  0.725820 0.384226 0.000000
vt  0.803788 0.419451 0.000000
vt  0.779701 0.409737 0.000000
vt  0.111446 0.642394 0.000000
vt  0.024402 0.642394 0.000000
vt  0.024402 0.642394 0.000000
vt  0.044588 0.675356 0.000000
vt  0.933859 0.213405 0.000000
vt  0.894208 0.178325 0.000000
vt  0.913712 0.240780 0.000000
vt  0.885700 0.198856 0.000000
vt  0.869017 0.247048 0.000000
vt  0.327774 0.403690 0.000000
vt  0.993434 0.367270 0.000000
vt  0.975860 0.368765 0.000000
vt  0.947443 0.908311 0.000000
vt  0.939587 0.815544 0.000000
vt  0.815893 0.740619 0.000000
vt  0.748240 0.717187 0.000000
vt  0.795433 0.201351 0.000000
vt  0.840587 0.171328 0.000000
vt  0.786635 0.174201 0.000000
vt  0.738391 0.203433 0.000000
vt  0.786635 0.174201 0.000000
vt  0.598459 0.413179 0.000000
vt  0.615896 0.418564 0.000000
vt  0.893135 0.398803 0.000000
vt  0.901858 0.411369 0.000000
vt  0.662198 0.497741 0.000000
vt  0.698736 0.516074 0.000000
vt  0.680179 0.476854 0.000000
vt  0.698736 0.516074 0.000000
vt  0.252019 0.723662 0.000000
vt  0.297162 0.796865 0.000000
vt  0.572632 0.213371 0.000000
vt  0.542618 0.227324 0.000000
vt  0.053650 0.182730 0.000000
vt  0.499719 0.746249 0.000000
vt  0.359785 0.747206 0.000000
vt  0.462094 0.818572 0.000000
vt  0.499719 0.746249 0.000000
vt  0.537995 0.648208 0.000000
vt  0.537995 0.648208 0.000000
vt  0.769011 0.434134 0.000000
vt  0.759969 0.464305 0.000000
vt  0.801016 0.440715 0.000000
vt  0.847788 0.437837 0.000000
vt  0.605140 0.824668 0.000000
vt  0.908058 0.599943 0.000000
vt  0.908058 0.599943 0.000000
vt  0.931269 0.617000 0.000000
vt  0.923027 0.634883 0.000000
vt  0.923027 0.634883 0.000000
vt  0.532000 0.558000 0.000000
vt  0.449035 0.557195 0.000000
vt  0.581825 0.838847 0.000000
vt  0.571051 0.677220 0.000000
vt  0.708470 0.321490 0.000000
vt  0.728542 0.294233 0.000000
vt  0.752619 0.295491 0.000000
vt  0.728542 0.294233 0.000000
vt  0.968500 0.903727 0.000000
vt  0.947443 0.908311 0.000000
vt  0.830296 0.949961 0.000000
vt  0.790582 0.949640 0.000000
vt  0.490341 0.996530 0.000000
vt  0.381492 0.997643 0.000000
vt  0.372256 0.885585 0.000000
vt  0.461183 0.997225 0.000000
vt  0.874517 0.420587 0.000000
vt  0.647834 0.369846 0.000000
vt  0.636747 0.416900 0.000000
vt  0.667872 0.426767 0.000000
vt  0.839212 0.427053 0.000000
vt  0.874517 0.420587 0.000000
vt  0.876575 0.404073 0.000000
vt  0.528404 0.892328 0.000000
vt  0.523076 0.932459 0.000000
vt  0.562963 0.931309 0.000000
vt  0.564077 0.891364 0.000000
vt  0.738391 0.203433 0.000000
vt  0.696000 0.200632 0.000000
vt  0.746157 0.156123 0.000000
vt  0.712541 0.164598 0.000000
vt  0.915862 0.339211 0.000000
vt  0.881391 0.298484 0.000000
vt  0.818260 0.357196 0.000000
vt  0.854828 0.356996 0.000000
vt  0.357665 0.801472 0.000000
vt  0.505338 0.831588 0.000000
vt  0.342736 0.504690 0.000000
vt  0.372811 0.495665 0.000000
vt  0.321549 0.470730 0.000000
vt  0.344119 0.493918 0.000000
vt  0.317071 0.502823 0.000000
vt  0.344119 0.493918 0.000000
vt  0.074150 0.319085 0.000000
vt  0.333976 0.272586 0.000000
vt  0.333976 0.272586 0.000000
vt  0.881391 0.298484 0.000000
vt  0.944111 0.302562 0.000000
vt  0.944111 0.302562 0.000000
vt  0.881391 0.298484 0.000000
vt  0.052765 0.752823 0.000000
vt  0.788337 0.916189 0.000000
vt  0.792489 0.881693 0.000000
vt  0.934853 0.679539 0.000000
vt  0.943807 0.649750 0.000000
vt  0.813815 0.060916 0.000000
vt  0.844234 0.084425 0.000000
vt  0.808755 0.109663 0.000000
vt  0.691272 0.728025 0.000000
vt  0.146300 0.034300 0.000000
vt  0.057625 0.040202 0.000000
vt  0.086566 0.020251 0.000000
vt  0.049171 0.025622 0.000000
vt  0.006301 0.132143 0.000000
vt  0.210462 0.033061 0.000000
vt  0.201072 0.039393 0.000000
vt  0.231710 0.051654 0.000000
vt  0.266768 0.080897 0.000000
vt  0.520322 0.187271 0.000000
vt  0.397117 0.025318 0.000000
vt  0.402976 0.037452 0.000000
vt  0.243752 0.638444 0.000000
vt  0.225251 0.649302 0.000000
vt  0.352145 0.638428 0.000000
vt  0.150532 0.343604 0.000000
vt  0.088022 0.300105 0.000000
vt  0.088022 0.300105 0.000000
vt  0.706888 0.867176 0.000000
vt  0.711105 0.832850 0.000000
vt  0.790717 0.992221 0.000000
vt  0.830750 0.992381 0.000000
vt  0.709145 0.379935 0.000000
vt  0.742869 0.379727 0.000000
vt  0.791991 0.372708 0.000000
vt  0.229470 0.557085 0.000000
vt  0.229237 0.403568 0.000000
vt  0.353933 0.555149 0.000000
vt  0.795258 0.313940 0.000000
vt  0.752162 0.343893 0.000000
vt  0.814553 0.322835 0.000000
vt  0.851586 0.326702 0.000000
vt  0.803758 0.347652 0.000000
vt  0.803758 0.347652 0.000000
vt  0.950683 0.386935 0.000000
vt  0.949259 0.367049 0.000000
vt  0.925883 0.400412 0.000000
vt  0.937699 0.401781 0.000000
vt  0.938438 0.388831 0.000000
vt  0.198972 0.846257 0.000000
vt  0.126012 0.840141 0.000000
vt  0.220800 0.177303 0.000000
vt  0.203262 0.231470 0.000000
vt  0.216367 0.327454 0.000000
vt  0.192463 0.328812 0.000000
vt  0.520322 0.187271 0.000000
vt  0.191550 0.355317 0.000000
vt  0.243821 0.358726 0.000000
vt  0.191120 0.403776 0.000000
vt  0.185283 0.364177 0.000000
vt  0.185283 0.364177 0.000000
vt  0.154801 0.400385 0.000000
vt  0.150326 0.355620 0.000000
vt  0.064516 0.381482 0.000000
vt  0.150040 0.407706 0.000000
vt  0.718572 0.911928 0.000000
vt  0.696687 0.882426 0.000000
vt  0.826028 0.825569 0.000000
vt  0.824082 0.817720 0.000000
vt  0.033156 0.187858 0.000000
vt  0.033156 0.187858 0.000000
vt  0.033274 0.165666 0.000000
vt  0.053650 0.182730 0.000000
vt  0.236703 0.467019 0.000000
vt  0.254874 0.484120 0.000000
vt  0.266336 0.461630 0.000000
vt  0.356018 0.524127 0.000000
vt  0.366718 0.525318 0.000000
vt  0.885974 0.530706 0.000000
vt  0.862220 0.471083 0.000000
vt  0.904777 0.457729 0.000000
vt  0.364774 0.082069 0.000000
vt  0.413649 0.029409 0.000000
vt  0.412358 0.026907 0.000000
vt  0.309349 0.079527 0.000000
vt  0.877981 0.827010 0.000000
vt  0.855575 0.830523 0.000000
vt  0.889084 0.851773 0.000000
vt  0.803788 0.419451 0.000000
vt  0.682874 0.369244 0.000000
vt  0.702798 0.417039 0.000000
vt  0.811544 0.404496 0.000000
vt  0.803788 0.419451 0.000000
vt  0.609622 0.278660 0.000000
vt  0.654405 0.306336 0.000000
vt  0.652797 0.259837 0.000000
vt  0.648966 0.233590 0.000000
vt  0.612578 0.237620 0.000000
vt  0.215491 0.453502 0.000000
vt  0.478435 0.989394 0.000000
vt  0.454596 0.961463 0.000000
vt  0.445533 0.992599 0.000000
vt  0.444880 0.989579 0.000000
vt  0.368361 0.435173 0.000000
vt  0.345709 0.427863 0.000000
vt  0.405641 0.862698 0.000000
vt  0.371554 0.872426 0.000000
vt  0.500758 0.959683 0.000000
vt  0.454596 0.961463 0.000000
vt  0.834998 0.570737 0.000000
vt  0.837533 0.623103 0.000000
vt  0.789818 0.548279 0.000000
vt  0.783808 0.595459 0.000000
vt  0.297162 0.796865 0.000000
vt  0.252019 0.723662 0.000000
vt  0.225251 0.649302 0.000000
vt  0.292605 0.720088 0.000000
vt  0.292605 0.720088 0.000000
vt  0.473603 0.213131 0.000000
vt  0.467830 0.226042 0.000000
vt  0.488590 0.238680 0.000000
vt  0.490262 0.944386 0.000000
vt  0.292309 0.806712 0.000000
vt  0.466978 0.944639 0.000000
vt  0.236703 0.467019 0.000000
vt  0.273852 0.443086 0.000000
vt  0.273569 0.459654 0.000000
vt  0.808927 0.817724 0.000000
vt  0.807553 0.825516 0.000000
vt  0.966139 0.946497 0.000000
vt  0.978481 0.922719 0.000000
vt  0.033322 0.254759 0.000000
vt  0.847124 0.732027 0.000000
vt  0.845343 0.714278 0.000000
vt  0.758958 0.613326 0.000000
vt  0.745790 0.659383 0.000000
vt  0.855902 0.711087 0.000000
vt  0.250483 0.364015 0.000000
vt  0.330364 0.364241 0.000000
vt  0.291418 0.358562 0.000000
vt  0.293633 0.364186 0.000000
vt  0.915862 0.339211 0.000000
vt  0.927681 0.357762 0.000000
vt  0.915862 0.339211 0.000000
vt  0.870670 0.346641 0.000000
vt  0.071512 0.168333 0.000000
vt  0.072184 0.180928 0.000000
vt  0.111033 0.217946 0.000000
vt  0.562963 0.931309 0.000000
vt  0.564077 0.891364 0.000000
vt  0.477377 0.863400 0.000000
vt  0.471667 0.847081 0.000000
vt  0.847124 0.732027 0.000000
vt  0.861209 0.746046 0.000000
vt  0.852247 0.755245 0.000000
vt  0.801971 0.664502 0.000000
vt  0.802839 0.697030 0.000000
vt  0.438081 0.882188 0.000000
vt  0.478065 0.889866 0.000000
vt  0.690937 0.895458 0.000000
vt  0.656388 0.894799 0.000000
vt  0.741387 0.281656 0.000000
vt  0.716317 0.250442 0.000000
vt  0.760050 0.234095 0.000000
vt  0.716317 0.250442 0.000000
vt  0.071512 0.168333 0.000000
vt  0.071512 0.168333 0.000000
vt  0.087182 0.081678 0.000000
vt  0.017603 0.135648 0.000000
vt  0.494501 0.486453 0.000000
vt  0.511245 0.419747 0.000000
vt  0.834998 0.570737 0.000000
vt  0.904777 0.457729 0.000000
vt  0.885974 0.530706 0.000000
vt  0.886101 0.557683 0.000000
vt  0.870905 0.581555 0.000000
vt  0.099867 0.661715 0.000000
vt  0.067577 0.396126 0.000000
vt  0.067577 0.396126 0.000000
vt  0.365664 0.248238 0.000000
vt  0.923027 0.634883 0.000000
vt  0.822919 0.727441 0.000000
vt  0.914533 0.639024 0.000000
vt  0.514186 0.027859 0.000000
vt  0.582518 0.058025 0.000000
vt  0.388955 0.037019 0.000000
vt  0.393920 0.028586 0.000000
vt  0.134273 0.644505 0.000000
vt  0.839447 0.208367 0.000000
vt  0.834456 0.244479 0.000000
vt  0.830895 0.254512 0.000000
vt  0.869017 0.247048 0.000000
vt  0.648681 0.346868 0.000000
vt  0.654405 0.306336 0.000000
vt  0.684127 0.305513 0.000000
vt  0.654405 0.306336 0.000000
vt  0.056374 0.240784 0.000000
vt  0.067978 0.213853 0.000000
vt  0.067978 0.213853 0.000000
vt  0.100265 0.263366 0.000000
vt  0.640383 0.983603 0.000000
vt  0.617564 0.991476 0.000000
vt  0.473913 0.926968 0.000000
vt  0.444841 0.927596 0.000000
vt  0.563098 0.472611 0.000000
vt  0.537533 0.443971 0.000000
vt  0.516683 0.206183 0.000000
vt  0.566297 0.303064 0.000000
vt  0.546475 0.206586 0.000000
vt  0.452340 0.084775 0.000000
vt  0.432772 0.065478 0.000000
vt  0.432772 0.065478 0.000000
vt  0.537995 0.648208 0.000000
vt  0.538000 0.638000 0.000000
vt  0.251536 0.045323 0.000000
vt  0.240825 0.050680 0.000000
vt  0.421043 0.046737 0.000000
vt  0.402976 0.037452 0.000000
vt  0.416014 0.055568 0.000000
vt  0.631580 0.497368 0.000000
vt  0.592497 0.515653 0.000000
vt  0.592497 0.515653 0.000000
vt  0.613439 0.497960 0.000000
vt  0.590171 0.455820 0.000000
vt  0.185404 0.104751 0.000000
vt  0.185404 0.104751 0.000000
vt  0.146300 0.034300 0.000000
vt  0.087182 0.081678 0.000000
vt  0.201072 0.039393 0.000000
vt  0.231710 0.051654 0.000000
vt  0.812799 0.804907 0.000000
vt  0.853711 0.814568 0.000000
vt  0.996712 0.708337 0.000000
vt  0.996042 0.687410 0.000000
vt  0.187161 0.566605 0.000000
vt  0.229470 0.557085 0.000000
vt  0.229470 0.557085 0.000000
vt  0.854004 0.053611 0.000000
vt  0.852074 0.023393 0.000000
vt  0.920460 0.090307 0.000000
vt  0.463385 0.644312 0.000000
vt  0.537995 0.648208 0.000000
vt  0.760718 0.556066 0.000000
vt  0.756919 0.590387 0.000000
vt  0.756919 0.590387 0.000000
vt  0.737003 0.539331 0.000000
vt  0.288690 0.669029 0.000000
vt  0.252034 0.213453 0.000000
vt  0.212213 0.237154 0.000000
vt  0.244031 0.196172 0.000000
vt  0.215444 0.248030 0.000000
vt  0.295325 0.403399 0.000000
vt  0.295325 0.403399 0.000000
vt  0.229237 0.403568 0.000000
vt  0.326633 0.410254 0.000000
vt  0.290944 0.410442 0.000000
vt  0.615929 0.861718 0.000000
vt  0.619102 0.892623 0.000000
vt  0.615929 0.861718 0.000000
vt  0.619102 0.892623 0.000000
vt  0.483046 0.453164 0.000000
vt  0.726594 0.603174 0.000000
vt  0.697344 0.593794 0.000000
vt  0.690097 0.618566 0.000000
vt  0.720054 0.623431 0.000000
vt  0.878151 0.102090 0.000000
vt  0.844234 0.084425 0.000000
vt  0.854004 0.053611 0.000000
vt  0.324489 0.336054 0.000000
vt  0.750670 0.793633 0.000000
vt  0.735554 0.875285 0.000000
vt  0.940451 0.992264 0.000000
vt  0.915286 0.992468 0.000000
vt  0.547565 0.243286 0.000000
vt  0.547565 0.243286 0.000000
vt  0.548980 0.299752 0.000000
vt  0.566297 0.303064 0.000000
vt  0.548980 0.299752 0.000000
vt  0.875841 0.950043 0.000000
vt  0.842882 0.950075 0.000000
vt  0.959651 0.815428 0.000000
vt  0.992875 0.846156 0.000000
vt  0.076099 0.372217 0.000000
vt  0.064516 0.381482 0.000000
vt  0.154801 0.400385 0.000000
vt  0.076099 0.372217 0.000000
vt  0.150532 0.343604 0.000000
vt  0.150326 0.355620 0.000000
vt  0.150326 0.355620 0.000000
vt  0.185283 0.364177 0.000000
vt  0.289217 0.451895 0.000000
vt  0.288149 0.443318 0.000000
vt  0.305457 0.440442 0.000000
vt  0.343609 0.450877 0.000000
vt  0.368361 0.435173 0.000000
vt  0.372618 0.459320 0.000000
vt  0.321549 0.470730 0.000000
vt  0.339457 0.472669 0.000000
vt  0.386741 0.440106 0.000000
vt  0.372618 0.459320 0.000000
vt  0.059489 0.365281 0.000000
vt  0.052108 0.306879 0.000000
vt  0.602133 0.734676 0.000000
vt  0.591150 0.745901 0.000000
vt  0.604864 0.691719 0.000000
vt  0.604864 0.691719 0.000000
vt  0.372618 0.459320 0.000000
vt  0.215491 0.453502 0.000000
vt  0.233017 0.449277 0.000000
vt  0.795441 0.857462 0.000000
vt  0.794258 0.840896 0.000000
vt  0.857435 0.927057 0.000000
vt  0.858583 0.893054 0.000000
vt  0.562963 0.931309 0.000000
vt  0.523076 0.932459 0.000000
vt  0.491597 0.936376 0.000000
vt  0.526316 0.975363 0.000000
vt  0.856004 0.875632 0.000000
vt  0.881466 0.873771 0.000000
vt  0.840462 0.853486 0.000000
vt  0.809357 0.474970 0.000000
vt  0.801016 0.440715 0.000000
vt  0.535344 0.518080 0.000000
vt  0.532000 0.558000 0.000000
vt  0.044588 0.675356 0.000000
vt  0.099867 0.661715 0.000000
vt  0.111446 0.642394 0.000000
vt  0.284611 0.871347 0.000000
vt  0.267820 0.880641 0.000000
vt  0.371554 0.872426 0.000000
vt  0.284611 0.871347 0.000000
vt  0.886431 0.628931 0.000000
vt  0.918565 0.682898 0.000000
vt  0.914533 0.639024 0.000000
vt  0.914533 0.639024 0.000000
vt  0.803758 0.347652 0.000000
vt  0.791991 0.372708 0.000000
vt  0.812948 0.369682 0.000000
vt  0.752162 0.343893 0.000000
vt  0.743857 0.431405 0.000000
vt  0.933796 0.453922 0.000000
vt  0.739476 0.456032 0.000000
vt  0.973059 0.422014 0.000000
vt  0.974453 0.452715 0.000000
vt  0.902546 0.892798 0.000000
vt  0.858583 0.893054 0.000000
vt  0.902546 0.892798 0.000000
vt  0.894658 0.879090 0.000000
vt  0.951546 0.146135 0.000000
vt  0.682162 0.647951 0.000000
vt  0.731199 0.647645 0.000000
vt  0.698566 0.635671 0.000000
vt  0.082035 0.812789 0.000000
vt  0.709145 0.379935 0.000000
vt  0.811544 0.404496 0.000000
vt  0.721099 0.419286 0.000000
vt  0.709145 0.379935 0.000000
vt  0.791732 0.399464 0.000000
vt  0.811544 0.404496 0.000000
vt  0.317071 0.502823 0.000000
vt  0.317071 0.502823 0.000000
vt  0.336849 0.526404 0.000000
vt  0.299334 0.497010 0.000000
vt  0.401733 0.869779 0.000000
vt  0.372256 0.885585 0.000000
vt  0.281035 0.884786 0.000000
vt  0.381784 0.880644 0.000000
vt  0.786635 0.174201 0.000000
vt  0.693933 0.157724 0.000000
vt  0.697742 0.170387 0.000000
vt  0.677845 0.480560 0.000000
vt  0.662198 0.497741 0.000000
vt  0.678186 0.498850 0.000000
vt  0.891801 0.775963 0.000000
vt  0.942195 0.782858 0.000000
vt  0.942552 0.770454 0.000000
vt  0.964148 0.792842 0.000000
vt  0.516683 0.206183 0.000000
vt  0.482936 0.203046 0.000000
vt  0.468673 0.289199 0.000000
vt  0.488594 0.294669 0.000000
vt  0.685328 0.436739 0.000000
vt  0.678696 0.453177 0.000000
vt  0.706825 0.451487 0.000000
vt  0.191120 0.403776 0.000000
vt  0.191120 0.403776 0.000000
vt  0.189617 0.410499 0.000000
vt  0.936051 0.589176 0.000000
vt  0.989602 0.611551 0.000000
vt  0.936051 0.589176 0.000000
vt  0.908058 0.599943 0.000000
vt  0.945051 0.624004 0.000000
vt  0.647834 0.369846 0.000000
vt  0.682874 0.369244 0.000000
vt  0.682913 0.347448 0.000000
vt  0.709145 0.379935 0.000000
vt  0.042216 0.697871 0.000000
vt  0.324489 0.336054 0.000000
vt  0.324559 0.300237 0.000000
vt  0.612939 0.488325 0.000000
vt  0.613949 0.452288 0.000000
vt  0.613949 0.452288 0.000000
vt  0.685328 0.436739 0.000000
vt  0.604476 0.434024 0.000000
vt  0.252034 0.213453 0.000000
vt  0.360430 0.189571 0.000000
vt  0.360430 0.189571 0.000000
vt  0.358308 0.198448 0.000000
vt  0.463385 0.644312 0.000000
vt  0.463081 0.632771 0.000000
vt  0.463081 0.632771 0.000000
vt  0.727235 0.783686 0.000000
vt  0.711105 0.832850 0.000000
vt  0.842968 0.992186 0.000000
vt  0.875887 0.992405 0.000000
vt  0.894208 0.178325 0.000000
vt  0.940129 0.170758 0.000000
vt  0.637024 0.158050 0.000000
vt  0.631715 0.170608 0.000000
vt  0.665564 0.149125 0.000000
vt  0.581825 0.838847 0.000000
vt  0.452340 0.084775 0.000000
vt  0.376432 0.064734 0.000000
vt  0.364774 0.082069 0.000000
vt  0.349838 0.036550 0.000000
vt  0.364774 0.082069 0.000000
vt  0.618604 0.342977 0.000000
vt  0.633364 0.377004 0.000000
vt  0.980450 0.363067 0.000000
vt  0.971811 0.319820 0.000000
vt  0.939952 0.950164 0.000000
vt  0.914995 0.949630 0.000000
vt  0.942195 0.782858 0.000000
vt  0.959651 0.815428 0.000000
vt  0.157633 0.565210 0.000000
vt  0.091330 0.624571 0.000000
vt  0.091330 0.624571 0.000000
vt  0.870670 0.346641 0.000000
vt  0.886286 0.365684 0.000000
vt  0.876575 0.404073 0.000000
vt  0.886816 0.386448 0.000000
vt  0.964683 0.368865 0.000000
vt  0.949259 0.367049 0.000000
vt  0.950683 0.386935 0.000000
vt  0.116887 0.210902 0.000000
vt  0.147901 0.308561 0.000000
vt  0.100265 0.263366 0.000000
vt  0.111033 0.217946 0.000000
vt  0.758958 0.613326 0.000000
vt  0.757604 0.658597 0.000000
vt  0.869000 0.722819 0.000000
vt  0.847124 0.732027 0.000000
vt  0.865095 0.712086 0.000000
vt  0.950457 0.057883 0.000000
vt  0.964081 0.038022 0.000000
vt  0.716373 0.635671 0.000000
vt  0.050273 0.711313 0.000000
vt  0.092871 0.684513 0.000000
vt  0.050273 0.711313 0.000000
vt  0.091874 0.731568 0.000000
vt  0.372811 0.495665 0.000000
vt  0.342736 0.504690 0.000000
vt  0.358183 0.513007 0.000000
vt  0.452340 0.084775 0.000000
vt  0.462480 0.036380 0.000000
vt  0.512714 0.079418 0.000000
vt  0.462480 0.036380 0.000000
vt  0.512714 0.079418 0.000000
vt  0.940850 0.091283 0.000000
vt  0.959580 0.093423 0.000000
vt  0.938955 0.127445 0.000000
vt  0.950457 0.057883 0.000000
vt  0.332835 0.358746 0.000000
vt  0.926674 0.385714 0.000000
vt  0.914047 0.368084 0.000000
vt  0.052905 0.684584 0.000000
vt  0.463385 0.644312 0.000000
vt  0.537995 0.648208 0.000000
vt  0.362270 0.807480 0.000000
vt  0.292309 0.806712 0.000000
vt  0.361600 0.843725 0.000000
vt  0.362270 0.807480 0.000000
vt  0.086997 0.461585 0.000000
vt  0.086997 0.461585 0.000000
vt  0.052108 0.306879 0.000000
vt  0.086566 0.020251 0.000000
vt  0.057625 0.040202 0.000000
vt  0.087182 0.081678 0.000000
vt  0.087082 0.024992 0.000000
vt  0.702798 0.417039 0.000000
vt  0.667872 0.426767 0.000000
vt  0.667850 0.433153 0.000000
vt  0.667850 0.433153 0.000000
vt  0.191550 0.355317 0.000000
vt  0.150532 0.343604 0.000000
vt  0.191550 0.355317 0.000000
vt  0.886101 0.557683 0.000000
vt  0.912379 0.557539 0.000000
vt  0.908058 0.599943 0.000000
vt  0.896827 0.586705 0.000000
vt  0.912379 0.557539 0.000000
vt  0.252019 0.723662 0.000000
vt  0.185780 0.656121 0.000000
vt  0.225251 0.649302 0.000000
vt  0.173868 0.631436 0.000000
vt  0.781316 0.871764 0.000000
vt  0.789370 0.866888 0.000000
vt  0.781316 0.871764 0.000000
vt  0.789370 0.866888 0.000000
vt  0.838928 0.149539 0.000000
vt  0.878151 0.102090 0.000000
vt  0.920460 0.090307 0.000000
vt  0.847609 0.115181 0.000000
vt  0.887869 0.125911 0.000000
vt  0.851524 0.773134 0.000000
vt  0.870781 0.774340 0.000000
vt  0.890860 0.763245 0.000000
vt  0.942552 0.770454 0.000000
vt  0.803441 0.240050 0.000000
vt  0.799585 0.243000 0.000000
vt  0.834456 0.244479 0.000000
vt  0.803441 0.240050 0.000000
vt  0.814553 0.322835 0.000000
vt  0.795258 0.313940 0.000000
vt  0.814553 0.322835 0.000000
vt  0.225251 0.649302 0.000000
vt  0.229470 0.557085 0.000000
vt  0.229470 0.557085 0.000000
vt  0.246126 0.573297 0.000000
vt  0.914047 0.368084 0.000000
vt  0.926674 0.385714 0.000000
vt  0.927860 0.366647 0.000000
vt  0.432546 0.260328 0.000000
vt  0.052765 0.752823 0.000000
vt  0.049113 0.771235 0.000000
vt  0.752619 0.295491 0.000000
vt  0.783573 0.276550 0.000000
vt  0.783573 0.276550 0.000000
vt  0.795258 0.313940 0.000000
vt  0.435681 0.891675 0.000000
vt  0.478374 0.899419 0.000000
vt  0.523076 0.932459 0.000000
vt  0.490271 0.902312 0.000000
vt  0.585571 0.673230 0.000000
vt  0.602133 0.734676 0.000000
vt  0.172833 0.724235 0.000000
vt  0.185780 0.656121 0.000000
vt  0.252019 0.723662 0.000000
vt  0.783808 0.595459 0.000000
vt  0.766161 0.640270 0.000000
vt  0.793369 0.633474 0.000000
vt  0.783808 0.595459 0.000000
vt  0.793369 0.633474 0.000000
vt  0.445533 0.992599 0.000000
vt  0.444880 0.989579 0.000000
vt  0.478435 0.989394 0.000000
vt  0.224318 0.981605 0.000000
vt  0.201661 0.960119 0.000000
vt  0.750094 0.490099 0.000000
vt  0.737003 0.539331 0.000000
vt  0.760718 0.556066 0.000000
vt  0.750094 0.490099 0.000000
vt  0.792489 0.881693 0.000000
vt  0.822600 0.878624 0.000000
vt  0.822600 0.878624 0.000000
vt  0.792489 0.881693 0.000000
vt  0.823532 0.892239 0.000000
vt  0.723463 0.484259 0.000000
vt  0.784309 0.801345 0.000000
vt  0.785422 0.783029 0.000000
vt  0.812161 0.783412 0.000000
vt  0.785422 0.783029 0.000000
vt  0.633364 0.377004 0.000000
vt  0.876575 0.404073 0.000000
vt  0.607340 0.384340 0.000000
vt  0.633364 0.377004 0.000000
vt  0.876575 0.404073 0.000000
vt  0.874517 0.420587 0.000000
vt  0.305422 0.465412 0.000000
vt  0.305422 0.465412 0.000000
vt  0.033156 0.187858 0.000000
vt  0.289217 0.451895 0.000000
vt  0.305457 0.440442 0.000000
vt  0.791991 0.372708 0.000000
vt  0.806685 0.387558 0.000000
vt  0.798930 0.397567 0.000000
vt  0.789818 0.548279 0.000000
vt  0.783808 0.595459 0.000000
vt  0.834998 0.570737 0.000000
vt  0.789818 0.548279 0.000000
vt  0.648681 0.346868 0.000000
vt  0.633364 0.377004 0.000000
vt  0.647834 0.369846 0.000000
vt  0.648681 0.346868 0.000000
vt  0.682913 0.347448 0.000000
vt  0.862220 0.471083 0.000000
vt  0.862220 0.471083 0.000000
vt  0.898019 0.433710 0.000000
vt  0.847788 0.437837 0.000000
vt  0.809357 0.474970 0.000000
vt  0.648969 0.487654 0.000000
vt  0.631580 0.497368 0.000000
vt  0.648969 0.487654 0.000000
vt  0.662198 0.497741 0.000000
vt  0.401733 0.869779 0.000000
vt  0.514034 0.990210 0.000000
vt  0.422480 0.984964 0.000000
vt  0.444462 0.964289 0.000000
vt  0.457418 0.404042 0.000000
vt  0.457418 0.404042 0.000000
vt  0.057625 0.040202 0.000000
vt  0.512714 0.079418 0.000000
vt  0.585962 0.089425 0.000000
vt  0.086566 0.020251 0.000000
vt  0.340111 0.569513 0.000000
vt  0.453939 0.571780 0.000000
vt  0.033322 0.254759 0.000000
vt  0.033322 0.254759 0.000000
vt  0.729104 0.736503 0.000000
vt  0.814013 0.764654 0.000000
vt  0.851524 0.773134 0.000000
vt  0.812161 0.783412 0.000000
vt  0.446029 0.378993 0.000000
vt  0.453939 0.571780 0.000000
vt  0.449035 0.557195 0.000000
vt  0.303000 0.524948 0.000000
vt  0.353933 0.555149 0.000000
vt  0.353933 0.555149 0.000000
vt  0.216367 0.327454 0.000000
vt  0.287585 0.331862 0.000000
vt  0.287585 0.331862 0.000000
vt  0.291418 0.358562 0.000000
vt  0.332835 0.358746 0.000000
vt  0.964554 0.400873 0.000000
vt  0.976092 0.400094 0.000000
vt  0.885700 0.198856 0.000000
vt  0.839652 0.200164 0.000000
vt  0.839652 0.200164 0.000000
vt  0.839447 0.208367 0.000000
vt  0.727235 0.783686 0.000000
vt  0.727449 0.767322 0.000000
vt  0.727449 0.767322 0.000000
vt  0.749666 0.775446 0.000000
vt  0.179496 0.240329 0.000000
vt  0.203262 0.231470 0.000000
vt  0.203262 0.231470 0.000000
vt  0.212213 0.237154 0.000000
vt  0.116887 0.210902 0.000000
vt  0.157633 0.565210 0.000000
vt  0.150040 0.407706 0.000000
vt  0.154801 0.400385 0.000000
vt  0.237727 0.506196 0.000000
vt  0.157633 0.446400 0.000000
vt  0.531435 0.572075 0.000000
vt  0.538000 0.638000 0.000000
vt  0.735554 0.875285 0.000000
vt  0.758775 0.916686 0.000000
vt  0.838495 0.847893 0.000000
vt  0.837122 0.836741 0.000000
vt  0.826028 0.825569 0.000000
vt  0.242005 0.859815 0.000000
vt  0.605140 0.824668 0.000000
vt  0.605140 0.824668 0.000000
vt  0.284611 0.871347 0.000000
vt  0.371554 0.872426 0.000000
vt  0.292462 0.843310 0.000000
vt  0.284611 0.871347 0.000000
vt  0.233017 0.449277 0.000000
vt  0.256249 0.451937 0.000000
vt  0.246175 0.436745 0.000000
vt  0.224919 0.436144 0.000000
vt  0.590249 0.300029 0.000000
vt  0.582859 0.237516 0.000000
vt  0.564320 0.373072 0.000000
vt  0.566297 0.303064 0.000000
vt  0.933796 0.453922 0.000000
vt  0.933825 0.426747 0.000000
vt  0.709145 0.379935 0.000000
vt  0.709145 0.379935 0.000000
vt  0.734765 0.381210 0.000000
vt  0.725820 0.384226 0.000000
vt  0.725820 0.384226 0.000000
vt  0.739441 0.416529 0.000000
vt  0.366817 0.422551 0.000000
vt  0.273852 0.443086 0.000000
vt  0.288149 0.443318 0.000000
vt  0.289217 0.451895 0.000000
vt  0.360730 0.413201 0.000000
vt  0.332835 0.358746 0.000000
vt  0.330364 0.364241 0.000000
vt  0.793369 0.633474 0.000000
vt  0.766161 0.640270 0.000000
vt  0.766161 0.640270 0.000000
vt  0.775087 0.666365 0.000000
vt  0.372618 0.459320 0.000000
vt  0.326549 0.445185 0.000000
vt  0.397009 0.461829 0.000000
vt  0.408344 0.482427 0.000000
vt  0.343609 0.450877 0.000000
vt  0.345709 0.427863 0.000000
vt  0.326549 0.445185 0.000000
vt  0.266336 0.461630 0.000000
vt  0.254874 0.484120 0.000000
vt  0.336849 0.526404 0.000000
vt  0.348095 0.522086 0.000000
vt  0.722968 0.354934 0.000000
vt  0.752162 0.343893 0.000000
vt  0.728542 0.294233 0.000000
vt  0.742869 0.379727 0.000000
vt  0.682913 0.347448 0.000000
vt  0.708470 0.321490 0.000000
vt  0.682913 0.347448 0.000000
vt  0.648681 0.346868 0.000000
vt  0.830242 0.864581 0.000000
vt  0.815334 0.866183 0.000000
vt  0.792489 0.881693 0.000000
vt  0.788337 0.916189 0.000000
vt  0.896480 0.819405 0.000000
vt  0.890079 0.824849 0.000000
vt  0.854593 0.821414 0.000000
vt  0.890079 0.824849 0.000000
vt  0.840750 0.755460 0.000000
vt  0.838398 0.651296 0.000000
vt  0.843990 0.700861 0.000000
vt  0.538000 0.638000 0.000000
vt  0.939067 0.734762 0.000000
vt  0.935854 0.710838 0.000000
vt  0.894658 0.879090 0.000000
vt  0.857323 0.879802 0.000000
vt  0.189617 0.410499 0.000000
vt  0.229237 0.403568 0.000000
vt  0.229101 0.410172 0.000000
vt  0.290944 0.410442 0.000000
vt  0.229101 0.410172 0.000000
vt  0.033322 0.254759 0.000000
vt  0.052108 0.306879 0.000000
vt  0.059489 0.365281 0.000000
vt  0.052108 0.306879 0.000000
vt  0.074150 0.319085 0.000000
vt  0.874162 0.205003 0.000000
vt  0.863577 0.239349 0.000000
vt  0.869017 0.247048 0.000000
vt  0.863577 0.239349 0.000000
vt  0.457418 0.404042 0.000000
vt  0.494501 0.486453 0.000000
vt  0.483046 0.453164 0.000000
vt  0.511245 0.419747 0.000000
vt  0.483046 0.453164 0.000000
vt  0.220800 0.177303 0.000000
vt  0.231710 0.051654 0.000000
vt  0.210462 0.033061 0.000000
vt  0.231710 0.051654 0.000000
vt  0.905614 0.017730 0.000000
vt  0.896181 0.050594 0.000000
vt  0.813815 0.060916 0.000000
vt  0.852074 0.023393 0.000000
vt  0.087075 0.568738 0.000000
vt  0.087075 0.568738 0.000000
vt  0.687091 0.871492 0.000000
vt  0.646823 0.863864 0.000000
vt  0.477377 0.863400 0.000000
vt  0.441541 0.863509 0.000000
vt  0.734765 0.381210 0.000000
vt  0.739441 0.416529 0.000000
vt  0.721099 0.419286 0.000000
vt  0.748527 0.423066 0.000000
vt  0.748527 0.423066 0.000000
vt  0.275826 0.491138 0.000000
vt  0.275205 0.468638 0.000000
vt  0.273852 0.443086 0.000000
vt  0.246126 0.573297 0.000000
vt  0.339864 0.630415 0.000000
vt  0.243752 0.638444 0.000000
vt  0.243752 0.638444 0.000000
vt  0.738391 0.203433 0.000000
vt  0.712541 0.164598 0.000000
vt  0.696000 0.200632 0.000000
vt  0.696000 0.200632 0.000000
vt  0.699534 0.186584 0.000000
vt  0.838928 0.149539 0.000000
vt  0.890942 0.152514 0.000000
vt  0.828797 0.159740 0.000000
vt  0.427675 0.198855 0.000000
vt  0.427286 0.204906 0.000000
vt  0.358308 0.198448 0.000000
vt  0.427286 0.204906 0.000000
vt  0.950683 0.386935 0.000000
vt  0.950732 0.401578 0.000000
vt  0.938438 0.388831 0.000000
vt  0.950732 0.401578 0.000000
vt  0.598459 0.413179 0.000000
vt  0.598459 0.413179 0.000000
vt  0.591319 0.419526 0.000000
vt  0.602321 0.379042 0.000000
vt  0.519886 0.194693 0.000000
vt  0.583373 0.195996 0.000000
vt  0.520322 0.187271 0.000000
vt  0.519886 0.194693 0.000000
vt  0.457755 0.204235 0.000000
vt  0.333976 0.272586 0.000000
vt  0.279174 0.262101 0.000000
vt  0.288931 0.294766 0.000000
vt  0.288931 0.294766 0.000000
vt  0.279174 0.262101 0.000000
vt  0.201072 0.039393 0.000000
vt  0.201072 0.039393 0.000000
vt  0.146300 0.034300 0.000000
vt  0.327774 0.403690 0.000000
vt  0.326633 0.410254 0.000000
vt  0.885700 0.198856 0.000000
vt  0.913712 0.240780 0.000000
vt  0.933859 0.213405 0.000000
vt  0.962797 0.249714 0.000000
vt  0.936051 0.589176 0.000000
vt  0.908058 0.599943 0.000000
vt  0.938389 0.544974 0.000000
vt  0.938389 0.544974 0.000000
vt  0.908058 0.599943 0.000000
vt  0.461710 0.344167 0.000000
vt  0.482791 0.347601 0.000000
vt  0.482791 0.347601 0.000000
vt  0.488594 0.294669 0.000000
vt  0.497562 0.516991 0.000000
vt  0.581825 0.838847 0.000000
vt  0.292605 0.720088 0.000000
vt  0.292605 0.720088 0.000000
vt  0.297162 0.796865 0.000000
vt  0.225251 0.649302 0.000000
vt  0.288690 0.669029 0.000000
vt  0.366817 0.422551 0.000000
vt  0.368361 0.435173 0.000000
vt  0.378864 0.423448 0.000000
vt  0.378864 0.423448 0.000000
vt  0.187161 0.566605 0.000000
vt  0.157633 0.565210 0.000000
vt  0.091330 0.624571 0.000000
vt  0.157633 0.565210 0.000000
vt  0.237727 0.506196 0.000000
vt  0.721491 0.877408 0.000000
vt  0.706888 0.867176 0.000000
vt  0.774767 0.992508 0.000000
vt  0.775042 0.949643 0.000000
vt  0.817849 0.811365 0.000000
vt  0.854593 0.821414 0.000000
vt  0.853711 0.814568 0.000000
vt  0.896480 0.819405 0.000000
vt  0.854828 0.356996 0.000000
vt  0.867517 0.371819 0.000000
vt  0.867517 0.371819 0.000000
vt  0.854828 0.356996 0.000000
vt  0.629968 0.426574 0.000000
vt  0.615896 0.418564 0.000000
vt  0.633364 0.377004 0.000000
vt  0.629968 0.426574 0.000000
vt  0.615896 0.418564 0.000000
vt  0.629968 0.426574 0.000000
vt  0.591319 0.419526 0.000000
vt  0.633364 0.377004 0.000000
vt  0.629968 0.426574 0.000000
vt  0.146390 0.664099 0.000000
vt  0.092871 0.684513 0.000000
vt  0.185780 0.656121 0.000000
vt  0.146390 0.664099 0.000000
vt  0.099867 0.661715 0.000000
vt  0.813815 0.060916 0.000000
vt  0.843007 0.010005 0.000000
vt  0.796103 0.054584 0.000000
vt  0.017603 0.135648 0.000000
vt  0.519886 0.194693 0.000000
vt  0.583373 0.195996 0.000000
vt  0.245717 0.865160 0.000000
vt  0.245717 0.865160 0.000000
vt  0.201661 0.960119 0.000000
vt  0.242005 0.859815 0.000000
vt  0.242005 0.859815 0.000000
vt  0.233017 0.449277 0.000000
vt  0.236703 0.467019 0.000000
vt  0.225230 0.473795 0.000000
vt  0.225230 0.473795 0.000000
vt  0.522410 0.859660 0.000000
vt  0.179496 0.240329 0.000000
vt  0.215444 0.248030 0.000000
vt  0.244031 0.196172 0.000000
vt  0.212213 0.237154 0.000000
vt  0.372811 0.495665 0.000000
vt  0.358183 0.513007 0.000000
vt  0.408344 0.482427 0.000000
vt  0.391444 0.500122 0.000000
vt  0.372333 0.509909 0.000000
vt  0.334590 0.511038 0.000000
vt  0.342736 0.504690 0.000000
vt  0.317071 0.502823 0.000000
vt  0.709145 0.379935 0.000000
vt  0.708182 0.425753 0.000000
vt  0.709145 0.379935 0.000000
vt  0.721099 0.419286 0.000000
vt  0.708182 0.425753 0.000000
vt  0.024402 0.642394 0.000000
vt  0.111446 0.642394 0.000000
vt  0.111446 0.642394 0.000000
vt  0.091330 0.624571 0.000000
vt  0.187161 0.566605 0.000000
vt  0.869017 0.247048 0.000000
vt  0.885700 0.198856 0.000000
vt  0.839447 0.208367 0.000000
vt  0.874162 0.205003 0.000000
vt  0.978800 0.184341 0.000000
vt  0.990458 0.216319 0.000000
vt  0.633711 0.199364 0.000000
vt  0.630871 0.185848 0.000000
vt  0.715357 0.939741 0.000000
vt  0.701671 0.911860 0.000000
vt  0.745320 0.994231 0.000000
vt  0.715737 0.987891 0.000000
vt  0.547565 0.243286 0.000000
vt  0.542618 0.227324 0.000000
vt  0.547565 0.243286 0.000000
vt  0.542618 0.227324 0.000000
vt  0.823532 0.892239 0.000000
vt  0.858583 0.893054 0.000000
vt  0.857435 0.927057 0.000000
vt  0.858583 0.893054 0.000000
vt  0.528404 0.892328 0.000000
vt  0.477339 0.882160 0.000000
vt  0.438081 0.882188 0.000000
vt  0.478065 0.889866 0.000000
vt  0.496214 0.873506 0.000000
vt  0.587585 0.992710 0.000000
vt  0.617564 0.991476 0.000000
vt  0.453908 0.934060 0.000000
vt  0.464907 0.933608 0.000000
vt  0.614269 0.490729 0.000000
vt  0.646367 0.484800 0.000000
vt  0.648969 0.487654 0.000000
vt  0.677845 0.480560 0.000000
vt  0.649866 0.483195 0.000000
vt  0.332835 0.358746 0.000000
vt  0.349838 0.036550 0.000000
vt  0.308240 0.025705 0.000000
vt  0.364774 0.082069 0.000000
vt  0.309349 0.079527 0.000000
vt  0.326549 0.445185 0.000000
vt  0.326549 0.445185 0.000000
vt  0.305422 0.465412 0.000000
vt  0.321549 0.470730 0.000000
vt  0.343609 0.450877 0.000000
vt  0.818260 0.357196 0.000000
vt  0.870670 0.346641 0.000000
vt  0.791991 0.372708 0.000000
vt  0.803758 0.347652 0.000000
vt  0.803758 0.347652 0.000000
vt  0.708182 0.425753 0.000000
vt  0.702798 0.417039 0.000000
vt  0.708182 0.425753 0.000000
vt  0.709145 0.379935 0.000000
vt  0.708182 0.425753 0.000000
vt  0.708182 0.425753 0.000000
vt  0.791252 0.808167 0.000000
vt  0.784309 0.801345 0.000000
vt  0.784309 0.801345 0.000000
vt  0.812799 0.804907 0.000000
vt  0.870670 0.346641 0.000000
vt  0.851586 0.326702 0.000000
vt  0.870670 0.346641 0.000000
vt  0.838928 0.149539 0.000000
vt  0.796103 0.054584 0.000000
vt  0.792009 0.114017 0.000000
vt  0.808755 0.109663 0.000000
vt  0.808755 0.109663 0.000000
vt  0.792009 0.114017 0.000000
vt  0.891801 0.775963 0.000000
vt  0.890860 0.763245 0.000000
vt  0.870781 0.774340 0.000000
vt  0.896480 0.819405 0.000000
vt  0.891801 0.775963 0.000000
vt  0.352145 0.638428 0.000000
vt  0.352145 0.638428 0.000000
vt  0.339864 0.630415 0.000000
vt  0.487856 0.665486 0.000000
vt  0.463385 0.644312 0.000000
vt  0.327774 0.403690 0.000000
vt  0.042216 0.697871 0.000000
vt  0.042216 0.697871 0.000000
vt  0.050273 0.711313 0.000000
vt  0.870905 0.581555 0.000000
vt  0.896827 0.586705 0.000000
vt  0.896827 0.586705 0.000000
vt  0.870905 0.581555 0.000000
vt  0.126012 0.840141 0.000000
vt  0.535344 0.518080 0.000000
vt  0.449035 0.557195 0.000000
vt  0.388656 0.535435 0.000000
vt  0.388656 0.535435 0.000000
vt  0.024402 0.642394 0.000000
vt  0.295325 0.403399 0.000000
vt  0.293633 0.364186 0.000000
vt  0.293633 0.364186 0.000000
vt  0.250483 0.364015 0.000000
vt  0.923027 0.634883 0.000000
vt  0.931269 0.617000 0.000000
vt  0.918565 0.682898 0.000000
vt  0.938689 0.651691 0.000000
vt  0.938689 0.651691 0.000000
vt  0.830895 0.254512 0.000000
vt  0.834456 0.244479 0.000000
vt  0.830895 0.254512 0.000000
vt  0.799585 0.243000 0.000000
vt  0.467830 0.226042 0.000000
vt  0.473603 0.213131 0.000000
vt  0.473603 0.213131 0.000000
vt  0.498160 0.225047 0.000000
vt  0.471277 0.204909 0.000000
vt  0.738391 0.203433 0.000000
vt  0.738391 0.203433 0.000000
vt  0.657889 0.930497 0.000000
vt  0.690937 0.895458 0.000000
vt  0.656388 0.894799 0.000000
vt  0.657889 0.930497 0.000000
vt  0.656388 0.894799 0.000000
vt  0.760050 0.234095 0.000000
vt  0.716317 0.250442 0.000000
vt  0.795433 0.201351 0.000000
vt  0.633364 0.377004 0.000000
vt  0.602321 0.379042 0.000000
vt  0.633364 0.377004 0.000000
vt  0.607340 0.384340 0.000000
vt  0.607340 0.384340 0.000000
vt  0.943011 0.942569 0.000000
vt  0.966139 0.946497 0.000000
vt  0.715571 0.957114 0.000000
vt  0.745079 0.948610 0.000000
vt  0.945639 0.968849 0.000000
vt  0.488590 0.238680 0.000000
vt  0.488590 0.238680 0.000000
vt  0.498160 0.225047 0.000000
vt  0.763626 0.382661 0.000000
vt  0.742869 0.379727 0.000000
vt  0.752162 0.343893 0.000000
vt  0.788733 0.389728 0.000000
vt  0.798930 0.397567 0.000000
vt  0.806685 0.387558 0.000000
vt  0.496214 0.873506 0.000000
vt  0.528404 0.892328 0.000000
vt  0.535060 0.865928 0.000000
vt  0.528404 0.892328 0.000000
vt  0.535060 0.865928 0.000000
vt  0.978481 0.922719 0.000000
vt  0.968500 0.903727 0.000000
vt  0.947443 0.908311 0.000000
vt  0.790717 0.992221 0.000000
vt  0.790582 0.949640 0.000000
vt  0.878151 0.102090 0.000000
vt  0.844234 0.084425 0.000000
vt  0.887869 0.125911 0.000000
vt  0.847609 0.115181 0.000000
vt  0.726594 0.603174 0.000000
vt  0.697344 0.593794 0.000000
vt  0.986163 0.639789 0.000000
vt  0.735554 0.875285 0.000000
vt  0.758775 0.916686 0.000000
vt  0.735554 0.875285 0.000000
vt  0.715907 0.728025 0.000000
vt  0.838928 0.149539 0.000000
vt  0.679158 0.678853 0.000000
vt  0.674377 0.713730 0.000000
vt  0.828797 0.159740 0.000000
vt  0.890942 0.152514 0.000000
vt  0.738037 0.910032 0.000000
vt  0.972429 0.868493 0.000000
vt  0.830296 0.949961 0.000000
vt  0.842882 0.950075 0.000000
vt  0.984525 0.871528 0.000000
vt  0.612939 0.488325 0.000000
vt  0.612939 0.488325 0.000000
vt  0.592497 0.515653 0.000000
vt  0.044588 0.675356 0.000000
vt  0.678637 0.961685 0.000000
vt  0.657889 0.930497 0.000000
vt  0.640383 0.983603 0.000000
vt  0.476883 0.916670 0.000000
vt  0.439721 0.916278 0.000000
vt  0.098725 0.008691 0.000000
vt  0.049171 0.025622 0.000000
vt  0.086566 0.020251 0.000000
vt  0.270194 0.052459 0.000000
vt  0.266768 0.080897 0.000000
vt  0.308240 0.025705 0.000000
vt  0.266768 0.080897 0.000000
vt  0.254687 0.089199 0.000000
vt  0.572632 0.213371 0.000000
vt  0.572632 0.213371 0.000000
vt  0.546475 0.206586 0.000000
vt  0.560682 0.204907 0.000000
vt  0.580244 0.222895 0.000000
vt  0.795433 0.201351 0.000000
vt  0.800326 0.207461 0.000000
vt  0.800326 0.207461 0.000000
vt  0.795433 0.201351 0.000000
vt  0.401733 0.869779 0.000000
vt  0.371554 0.872426 0.000000
vt  0.405641 0.862698 0.000000
vt  0.243821 0.358726 0.000000
vt  0.291418 0.358562 0.000000
vt  0.291418 0.358562 0.000000
vt  0.243821 0.358726 0.000000
vt  0.830750 0.992381 0.000000
vt  0.842968 0.992186 0.000000
vt  0.699747 0.804510 0.000000
vt  0.700606 0.831861 0.000000
vt  0.250483 0.364015 0.000000
vt  0.749666 0.775446 0.000000
vt  0.750670 0.793633 0.000000
vt  0.750670 0.793633 0.000000
vt  0.749666 0.775446 0.000000
vt  0.844234 0.084425 0.000000
vt  0.881062 0.071869 0.000000
vt  0.881062 0.071869 0.000000
vt  0.854004 0.053611 0.000000
vt  0.854004 0.053611 0.000000
vt  0.896181 0.050594 0.000000
vt  0.886286 0.365684 0.000000
vt  0.927681 0.357762 0.000000
vt  0.886816 0.386448 0.000000
vt  0.868854 0.390802 0.000000
vt  0.883154 0.657834 0.000000
vt  0.886431 0.628931 0.000000
vt  0.886431 0.628931 0.000000
vt  0.883154 0.657834 0.000000
vt  0.914533 0.639024 0.000000
vt  0.680295 0.233260 0.000000
vt  0.680971 0.260183 0.000000
vt  0.680971 0.260183 0.000000
vt  0.680295 0.233260 0.000000
vt  0.667872 0.426767 0.000000
vt  0.636747 0.416900 0.000000
vt  0.633364 0.377004 0.000000
vt  0.629968 0.426574 0.000000
vt  0.629968 0.426574 0.000000
vt  0.252034 0.213453 0.000000
vt  0.255444 0.220724 0.000000
vt  0.255444 0.220724 0.000000
vt  0.215444 0.248030 0.000000
vt  0.091874 0.731568 0.000000
vt  0.172833 0.724235 0.000000
vt  0.052765 0.752823 0.000000
vt  0.084149 0.801231 0.000000
vt  0.937699 0.401781 0.000000
vt  0.950732 0.401578 0.000000
vt  0.938438 0.388831 0.000000
vt  0.033156 0.187858 0.000000
vt  0.365664 0.248238 0.000000
vt  0.390650 0.243181 0.000000
vt  0.564077 0.891364 0.000000
vt  0.570729 0.860922 0.000000
vt  0.570729 0.860922 0.000000
vt  0.564077 0.891364 0.000000
vt  0.585571 0.673230 0.000000
vt  0.585571 0.673230 0.000000
vt  0.537995 0.648208 0.000000
vt  0.896480 0.819405 0.000000
vt  0.939587 0.815544 0.000000
vt  0.942195 0.782858 0.000000
vt  0.959651 0.815428 0.000000
vt  0.938389 0.544974 0.000000
vt  0.955468 0.519966 0.000000
vt  0.933796 0.453922 0.000000
vt  0.980446 0.482670 0.000000
vt  0.933796 0.453922 0.000000
vt  0.532000 0.558000 0.000000
vt  0.532000 0.558000 0.000000
vt  0.531435 0.572075 0.000000
vt  0.736813 0.678512 0.000000
vt  0.905614 0.017730 0.000000
vt  0.735063 0.713730 0.000000
vt  0.715907 0.728025 0.000000
vt  0.852074 0.023393 0.000000
vt  0.843007 0.010005 0.000000
vt  0.273852 0.443086 0.000000
vt  0.256249 0.451937 0.000000
vt  0.246175 0.436745 0.000000
vt  0.273852 0.443086 0.000000
vt  0.266336 0.461630 0.000000
vt  0.812799 0.804907 0.000000
vt  0.853711 0.814568 0.000000
vt  0.791252 0.808167 0.000000
vt  0.817849 0.811365 0.000000
vt  0.339457 0.472669 0.000000
vt  0.339457 0.472669 0.000000
vt  0.381784 0.880644 0.000000
vt  0.381784 0.880644 0.000000
vt  0.371554 0.872426 0.000000
vt  0.372256 0.885585 0.000000
vt  0.267820 0.880641 0.000000
vt  0.281035 0.884786 0.000000
vt  0.267820 0.880641 0.000000
vt  0.281035 0.884786 0.000000
vt  0.344119 0.493918 0.000000
vt  0.758958 0.613326 0.000000
vt  0.726594 0.603174 0.000000
vt  0.756919 0.590387 0.000000
vt  0.758958 0.613326 0.000000
vt  0.783808 0.595459 0.000000
vt  0.619102 0.892623 0.000000
vt  0.618395 0.930761 0.000000
vt  0.618395 0.930761 0.000000
vt  0.619102 0.892623 0.000000
vt  0.111446 0.642394 0.000000
vt  0.099867 0.661715 0.000000
vt  0.134273 0.644505 0.000000
vt  0.134273 0.644505 0.000000
vt  0.801971 0.664502 0.000000
vt  0.802839 0.697030 0.000000
vt  0.801971 0.664502 0.000000
vt  0.775087 0.666365 0.000000
vt  0.459900 0.198528 0.000000
vt  0.459900 0.198528 0.000000
vt  0.427675 0.198855 0.000000
vt  0.520322 0.187271 0.000000
vt  0.457755 0.204235 0.000000
vt  0.523076 0.932459 0.000000
vt  0.526316 0.975363 0.000000
vt  0.556514 0.988803 0.000000
vt  0.444841 0.927596 0.000000
vt  0.473913 0.926968 0.000000
vt  0.648966 0.233590 0.000000
vt  0.652797 0.259837 0.000000
vt  0.609622 0.278660 0.000000
vt  0.652797 0.259837 0.000000
vt  0.809357 0.474970 0.000000
vt  0.809357 0.474970 0.000000
vt  0.759969 0.464305 0.000000
vt  0.781219 0.508552 0.000000
vt  0.571051 0.677220 0.000000
vt  0.571051 0.677220 0.000000
vt  0.006301 0.132143 0.000000
vt  0.023932 0.151856 0.000000
vt  0.017603 0.135648 0.000000
vt  0.017603 0.135648 0.000000
vt  0.698736 0.516074 0.000000
vt  0.680179 0.476854 0.000000
vt  0.680179 0.476854 0.000000
vt  0.677845 0.480560 0.000000
vt  0.647125 0.479828 0.000000
vt  0.933825 0.426747 0.000000
vt  0.898019 0.433710 0.000000
vt  0.904777 0.457729 0.000000
vt  0.904777 0.457729 0.000000
vt  0.914044 0.399113 0.000000
vt  0.925883 0.400412 0.000000
vt  0.926674 0.385714 0.000000
vt  0.925883 0.400412 0.000000
vt  0.613949 0.452288 0.000000
vt  0.613949 0.452288 0.000000
vt  0.612939 0.488325 0.000000
vt  0.662116 0.455283 0.000000
vt  0.627564 0.454861 0.000000
vt  0.627564 0.454861 0.000000
vt  0.275205 0.468638 0.000000
vt  0.266336 0.461630 0.000000
vt  0.275205 0.468638 0.000000
vt  0.273569 0.459654 0.000000
vt  0.289217 0.451895 0.000000
vt  0.955468 0.519966 0.000000
vt  0.988522 0.521330 0.000000
vt  0.707810 0.529274 0.000000
vt  0.402976 0.037452 0.000000
vt  0.392980 0.052452 0.000000
vt  0.146300 0.034300 0.000000
vt  0.154420 0.025874 0.000000
vt  0.098725 0.008691 0.000000
vt  0.690915 0.928067 0.000000
vt  0.690937 0.895458 0.000000
vt  0.478374 0.899419 0.000000
vt  0.435681 0.891675 0.000000
vt  0.436741 0.900207 0.000000
vt  0.662116 0.455283 0.000000
vt  0.662116 0.455283 0.000000
vt  0.678696 0.453177 0.000000
vt  0.680179 0.476854 0.000000
vt  0.678696 0.453177 0.000000
vt  0.685328 0.436739 0.000000
vt  0.838398 0.651296 0.000000
vt  0.837533 0.623103 0.000000
vt  0.837533 0.623103 0.000000
vt  0.838398 0.651296 0.000000
vt  0.591150 0.745901 0.000000
vt  0.602133 0.734676 0.000000
vt  0.591150 0.745901 0.000000
vt  0.602133 0.734676 0.000000
vt  0.741387 0.281656 0.000000
vt  0.762767 0.275439 0.000000
vt  0.762767 0.275439 0.000000
vt  0.741387 0.281656 0.000000
vt  0.698736 0.516074 0.000000
vt  0.662198 0.497741 0.000000
vt  0.677845 0.480560 0.000000
vt  0.678186 0.498850 0.000000
vt  0.662198 0.497741 0.000000
vt  0.678186 0.498850 0.000000
vt  0.487856 0.665486 0.000000
vt  0.359785 0.747206 0.000000
vt  0.288690 0.669029 0.000000
vt  0.288690 0.669029 0.000000
vt  0.333976 0.272586 0.000000
vt  0.327640 0.255627 0.000000
vt  0.327640 0.255627 0.000000
vt  0.052905 0.684584 0.000000
vt  0.044588 0.675356 0.000000
vt  0.052905 0.684584 0.000000
vt  0.092871 0.684513 0.000000
vt  0.415837 0.040386 0.000000
vt  0.413649 0.029409 0.000000
vt  0.421043 0.046737 0.000000
vt  0.420272 0.039485 0.000000
vt  0.185780 0.656121 0.000000
vt  0.173868 0.631436 0.000000
vt  0.225251 0.649302 0.000000
vt  0.134273 0.644505 0.000000
vt  0.173868 0.631436 0.000000
vt  0.462480 0.036380 0.000000
vt  0.388955 0.037019 0.000000
vt  0.393920 0.028586 0.000000
vt  0.441645 0.036307 0.000000
vt  0.389979 0.025817 0.000000
vt  0.696687 0.882426 0.000000
vt  0.718572 0.911928 0.000000
vt  0.721491 0.877408 0.000000
vt  0.718572 0.911928 0.000000
vt  0.738037 0.910032 0.000000
vt  0.050273 0.711313 0.000000
vt  0.042216 0.697871 0.000000
vt  0.050273 0.711313 0.000000
vt  0.781219 0.508552 0.000000
vt  0.789818 0.548279 0.000000
vt  0.789818 0.548279 0.000000
vt  0.812405 0.504854 0.000000
vt  0.885974 0.530706 0.000000
vt  0.449749 0.284647 0.000000
vt  0.488594 0.294669 0.000000
vt  0.076099 0.372217 0.000000
vt  0.076099 0.372217 0.000000
vt  0.548980 0.299752 0.000000
vt  0.538888 0.362212 0.000000
vt  0.548980 0.299752 0.000000
vt  0.566297 0.303064 0.000000
vt  0.059489 0.365281 0.000000
vt  0.074150 0.319085 0.000000
vt  0.432546 0.260328 0.000000
vt  0.049113 0.771235 0.000000
vt  0.865095 0.712086 0.000000
vt  0.612939 0.488325 0.000000
vt  0.726594 0.603174 0.000000
vt  0.720054 0.623431 0.000000
vt  0.648969 0.487654 0.000000
vt  0.646367 0.484800 0.000000
vt  0.647125 0.479828 0.000000
vt  0.646367 0.484800 0.000000
vt  0.716317 0.250442 0.000000
vt  0.684127 0.305513 0.000000
vt  0.708470 0.321490 0.000000
vt  0.684127 0.305513 0.000000
vt  0.682913 0.347448 0.000000
vt  0.468673 0.289199 0.000000
vt  0.461706 0.344169 0.000000
vt  0.449749 0.284647 0.000000
vt  0.886286 0.365684 0.000000
vt  0.867517 0.371819 0.000000
vt  0.868854 0.390802 0.000000
vt  0.840405 0.389069 0.000000
vt  0.240825 0.050680 0.000000
vt  0.251536 0.045323 0.000000
vt  0.254687 0.089199 0.000000
vt  0.240825 0.050680 0.000000
vt  0.357665 0.801472 0.000000
vt  0.297162 0.796865 0.000000
vt  0.359785 0.747206 0.000000
vt  0.588101 0.394142 0.000000
vt  0.590249 0.300029 0.000000
vt  0.376432 0.064734 0.000000
vt  0.420272 0.039485 0.000000
vt  0.367125 0.035652 0.000000
vt  0.418072 0.026448 0.000000
vt  0.945051 0.624004 0.000000
vt  0.945051 0.624004 0.000000
vt  0.931269 0.617000 0.000000
vt  0.604864 0.691719 0.000000
vt  0.613439 0.497960 0.000000
vt  0.614269 0.490729 0.000000
vt  0.613439 0.497960 0.000000
vt  0.614269 0.490729 0.000000
vt  0.631580 0.497368 0.000000
vt  0.912379 0.557539 0.000000
vt  0.886101 0.557683 0.000000
vt  0.885974 0.530706 0.000000
vt  0.886101 0.557683 0.000000
vt  0.834998 0.570737 0.000000
vt  0.947443 0.908311 0.000000
vt  0.947443 0.908311 0.000000
vt  0.898133 0.941011 0.000000
vt  0.943011 0.942569 0.000000
vt  0.943011 0.942569 0.000000
vt  0.334590 0.511038 0.000000
vt  0.342736 0.504690 0.000000
vt  0.334590 0.511038 0.000000
vt  0.317071 0.502823 0.000000
vt  0.317071 0.502823 0.000000
vt  0.750094 0.490099 0.000000
vt  0.759969 0.464305 0.000000
vt  0.781219 0.508552 0.000000
vt  0.585571 0.673230 0.000000
vt  0.585571 0.673230 0.000000
vt  0.847124 0.732027 0.000000
vt  0.770251 0.695750 0.000000
vt  0.861209 0.746046 0.000000
vt  0.867367 0.736649 0.000000
vt  0.649866 0.483195 0.000000
vt  0.647125 0.479828 0.000000
vt  0.649866 0.483195 0.000000
vt  0.648969 0.487654 0.000000
vt  0.497562 0.516991 0.000000
vt  0.581825 0.838847 0.000000
vt  0.547565 0.243286 0.000000
vt  0.582859 0.237516 0.000000
vt  0.580244 0.222895 0.000000
vt  0.571517 0.207801 0.000000
vt  0.564320 0.373072 0.000000
vt  0.537533 0.443971 0.000000
vt  0.537533 0.443971 0.000000
vt  0.974453 0.452715 0.000000
vt  0.739476 0.456032 0.000000
vt  0.723463 0.484259 0.000000
vt  0.980446 0.482670 0.000000
vt  0.933796 0.453922 0.000000
vt  0.759969 0.464305 0.000000
vt  0.806685 0.387558 0.000000
vt  0.788733 0.389728 0.000000
vt  0.806685 0.387558 0.000000
vt  0.812948 0.369682 0.000000
vt  0.091874 0.731568 0.000000
vt  0.050273 0.711313 0.000000
vt  0.084149 0.801231 0.000000
vt  0.052765 0.752823 0.000000
vt  0.236703 0.467019 0.000000
vt  0.242465 0.479728 0.000000
vt  0.254874 0.484120 0.000000
vt  0.348095 0.522086 0.000000
vt  0.358183 0.513007 0.000000
vt  0.324559 0.300237 0.000000
vt  0.324489 0.336054 0.000000
vt  0.757604 0.658597 0.000000
vt  0.745790 0.659383 0.000000
vt  0.775087 0.666365 0.000000
vt  0.750624 0.681341 0.000000
vt  0.750624 0.681341 0.000000
# 3020 texture vertices

vn  -0.162118 0.123422 0.336875
vn  -0.097411 -0.085419 0.371772
vn  0.000006 0.042934 0.391352
vn  0.000000 -0.312110 -0.239973
vn  0.000000 -0.157658 -0.360754
vn  0.219541 -0.158485 -0.285804
vn  0.000000 -0.073947 0.386693
vn  -0.138076 0.196190 0.312160
vn  -0.162810 -0.095893 0.345394
vn  0.191782 -0.042605 -0.341180
vn  0.271379 -0.059482 -0.278953
vn  0.215500 -0.034849 -0.327636
vn  -0.264373 0.106906 -0.271436
vn  -0.079473 0.258886 -0.285765
vn  0.146826 -0.044519 -0.362574
vn  0.166926 0.179665 0.307987
vn  0.211314 0.218696 0.250036
vn  0.367904 0.068004 0.122564
vn  -0.388239 -0.002575 0.065295
vn  -0.349232 -0.135735 0.120884
vn  -0.210638 0.035517 0.330711
vn  -0.154117 -0.080034 -0.353330
vn  -0.000000 0.079954 -0.385496
vn  -0.000000 -0.131765 -0.370995
vn  0.349232 -0.135734 0.120884
vn  0.388239 -0.002575 0.065295
vn  0.210640 0.035518 0.330710
vn  0.213797 0.135993 -0.301324
vn  0.306452 0.215235 -0.121492
vn  0.196688 0.285429 -0.186664
vn  0.346545 -0.185241 0.024333
vn  0.168984 -0.102754 -0.340420
vn  0.391270 0.002362 -0.043615
vn  -0.166923 0.179666 0.307988
vn  -0.367904 0.068004 0.122564
vn  -0.211316 0.218700 0.250031
vn  -0.326207 0.119078 0.185497
vn  -0.285124 0.194408 0.189498
vn  -0.306111 -0.050844 0.242303
vn  -0.353244 -0.170906 0.031769
vn  -0.317837 0.231907 0.014089
vn  -0.277972 -0.143256 -0.239184
vn  0.285125 0.194389 0.189516
vn  0.326212 0.119065 0.185496
vn  0.306114 -0.050854 0.242296
vn  0.317837 0.231907 0.014088
vn  0.353245 -0.170906 0.031767
vn  0.277971 -0.143257 -0.239184
vn  -0.210776 0.040026 -0.330108
vn  -0.303104 -0.230992 -0.098846
vn  -0.150374 -0.256029 -0.258527
vn  0.303104 -0.230991 -0.098846
vn  0.358886 -0.078845 -0.141365
vn  0.281440 -0.037497 -0.272736
vn  0.391423 -0.038193 -0.018137
vn  0.377956 -0.010405 0.109731
vn  0.357152 -0.022066 -0.164181
vn  -0.183505 -0.047456 -0.345070
vn  -0.259091 -0.109093 -0.275627
vn  -0.364311 0.071611 -0.130955
vn  -0.391423 -0.038192 -0.018137
vn  -0.357152 -0.022065 -0.164181
vn  -0.377956 -0.010405 0.109731
vn  0.183505 -0.047456 -0.345070
vn  0.364311 0.071611 -0.130955
vn  0.259091 -0.109093 -0.275627
vn  -0.011024 -0.043269 -0.391160
vn  0.015080 0.207977 -0.333943
vn  0.111609 0.163279 -0.340416
vn  -0.271380 -0.059480 -0.278953
vn  -0.191784 -0.042606 -0.341179
vn  -0.215500 -0.034849 -0.327635
vn  -0.273735 0.175267 0.222149
vn  -0.088792 -0.147393 0.354106
vn  -0.026044 0.259463 0.294958
vn  0.088791 -0.147401 0.354103
vn  0.386479 0.061099 0.043592
vn  0.273735 0.175269 0.222147
vn  -0.023990 0.110699 0.377054
vn  0.161767 0.256393 0.251185
vn  -0.086841 0.281187 0.261519
vn  0.158387 -0.073572 -0.352846
vn  0.316035 -0.091021 -0.216418
vn  0.023990 0.110700 0.377054
vn  0.086842 0.281187 0.261518
vn  -0.161766 0.256392 0.251186
vn  -0.316035 -0.091021 -0.216418
vn  -0.158387 -0.073572 -0.352846
vn  0.000000 -0.013316 0.393475
vn  0.184419 0.187647 0.292879
vn  0.000000 0.255030 0.299933
vn  -0.312740 0.078650 -0.225848
vn  -0.351283 0.080715 -0.158381
vn  -0.313594 -0.058778 -0.230658
vn  0.067029 0.319809 -0.219611
vn  0.000000 0.187412 -0.346232
vn  0.000000 0.326783 0.219573
vn  0.000001 -0.245801 0.307541
vn  0.167345 -0.251146 0.252826
vn  0.193819 0.198287 0.279493
vn  0.354953 0.113275 0.127187
vn  -0.111616 0.105368 -0.362545
vn  -0.135212 -0.022908 -0.369043
vn  0.233365 0.314869 -0.037391
vn  0.116618 0.367488 -0.079702
vn  -0.245860 0.290272 -0.101461
vn  0.111616 0.105368 -0.362545
vn  0.135212 -0.022908 -0.369043
vn  -0.233363 0.314870 -0.037389
vn  0.245860 0.290272 -0.101463
vn  -0.116619 0.367488 -0.079702
vn  0.026041 0.259468 0.294954
vn  -0.150447 -0.046533 0.360832
vn  0.158372 -0.282210 -0.224221
vn  -0.048431 -0.308087 -0.240285
vn  0.150445 -0.046528 0.360834
vn  -0.158378 -0.282204 -0.224225
vn  -0.168985 -0.102750 -0.340420
vn  0.048429 -0.308083 -0.240290
vn  -0.061456 -0.049747 0.385679
vn  -0.349732 0.033760 0.177616
vn  -0.387221 0.069300 0.016041
vn  0.276742 0.247127 0.131687
vn  0.006841 -0.033277 0.392231
vn  0.313159 -0.037764 0.235595
vn  0.061458 -0.049744 0.385679
vn  0.387221 0.069299 0.016041
vn  0.349732 0.033761 0.177616
vn  -0.276743 0.247125 0.131690
vn  -0.313158 -0.037767 0.235596
vn  -0.006840 -0.033278 0.392231
vn  0.079467 0.258889 -0.285764
vn  -0.336559 0.067609 -0.192761
vn  -0.174782 0.311461 -0.165659
vn  -0.209419 0.108149 -0.315352
vn  -0.169229 0.096022 -0.342259
vn  0.116330 0.107156 0.360534
vn  0.069984 0.230311 0.311543
vn  -0.070096 -0.114546 0.370088
vn  -0.194004 -0.341617 -0.025685
vn  -0.174002 -0.331387 0.122090
vn  -0.387822 -0.027661 -0.061878
vn  -0.116288 0.107195 0.360536
vn  0.070117 -0.114536 0.370087
vn  -0.069966 0.230323 0.311538
vn  0.194005 -0.341617 -0.025684
vn  0.387822 -0.027657 -0.061878
vn  0.174006 -0.331389 0.122076
vn  -0.354953 0.113276 0.127189
vn  0.000001 0.284008 0.272652
vn  -0.080609 0.102222 -0.371554
vn  -0.194244 0.287140 -0.186601
vn  0.260406 0.124466 -0.267762
vn  -0.127975 0.332276 -0.167973
vn  -0.236639 0.011424 -0.314438
vn  -0.223214 0.259997 -0.193847
vn  -0.112239 -0.009751 -0.377236
vn  0.141803 -0.365710 -0.033877
vn  0.073321 -0.318009 0.220214
vn  0.188681 -0.345360 0.011217
vn  0.236674 0.011399 -0.314412
vn  0.112239 -0.009750 -0.377236
vn  0.223215 0.259998 -0.193844
vn  -0.141798 -0.365712 -0.033872
vn  -0.188690 -0.345354 0.011219
vn  -0.073322 -0.318005 0.220219
vn  0.341697 0.194974 -0.015106
vn  0.279581 0.214991 -0.174966
vn  -0.000005 0.393689 -0.002998
vn  0.351284 0.080716 -0.158380
vn  0.351831 0.036956 -0.172768
vn  0.313595 -0.058778 -0.230658
vn  -0.257822 0.288179 0.074031
vn  -0.286494 0.262546 -0.063167
vn  -0.218510 0.288693 0.154627
vn  0.084322 -0.301293 0.238981
vn  -0.142190 -0.232260 0.284319
vn  -0.022145 -0.333376 -0.208254
vn  0.257806 0.288192 0.074035
vn  0.218512 0.288699 0.154613
vn  0.286492 0.262548 -0.063174
vn  -0.084320 -0.301316 0.238953
vn  0.022120 -0.333375 -0.208259
vn  0.142154 -0.232265 0.284332
vn  -0.015083 0.207976 -0.333943
vn  0.011020 -0.043267 -0.391160
vn  -0.111452 0.163193 -0.340509
vn  0.194245 0.287140 -0.186600
vn  0.080609 0.102216 -0.371556
vn  -0.260405 0.124466 -0.267763
vn  0.174784 0.311458 -0.165662
vn  0.336561 0.067607 -0.192757
vn  0.209420 0.108148 -0.315352
vn  0.154118 -0.080033 -0.353330
vn  0.169228 0.096022 -0.342259
vn  0.106830 -0.197016 0.323684
vn  0.097421 -0.085424 0.371768
vn  0.000012 -0.246975 0.306599
vn  -0.300769 -0.022157 0.253075
vn  0.177055 0.212192 0.280403
vn  0.252827 0.274600 0.125190
vn  0.382709 0.086928 0.031255
vn  -0.281441 -0.037499 -0.272735
vn  -0.277586 0.103794 -0.259176
vn  -0.358886 -0.078845 -0.141365
vn  0.247143 -0.281755 0.120558
vn  0.319952 -0.172660 -0.151060
vn  0.112448 -0.310029 -0.215029
vn  -0.115438 0.354908 -0.125357
vn  0.063129 0.325777 -0.211858
vn  -0.301888 0.142546 -0.208671
vn  -0.247137 -0.281759 0.120560
vn  -0.112466 -0.310020 -0.215032
vn  -0.319941 -0.172671 -0.151070
vn  0.115449 0.354906 -0.125352
vn  0.301866 0.142551 -0.208701
vn  -0.063084 0.325768 -0.211885
vn  -0.053180 0.260200 0.290633
vn  0.167023 0.246256 0.257801
vn  0.167699 0.356108 -0.007970
vn  -0.133869 -0.324387 -0.178471
vn  -0.387402 -0.059538 0.037071
vn  -0.355767 0.035880 -0.164748
vn  0.053214 0.260184 0.290641
vn  -0.167663 0.356125 -0.007992
vn  -0.166979 0.246254 0.257831
vn  0.133841 -0.324383 -0.178499
vn  0.355752 0.035908 -0.164775
vn  0.387405 -0.059523 0.037072
vn  0.004767 0.393591 -0.007963
vn  0.144838 0.355870 -0.085897
vn  -0.136094 0.358888 -0.087621
vn  -0.334659 -0.205122 0.030459
vn  0.313135 -0.238451 -0.009344
vn  -0.193456 -0.331088 0.089191
vn  -0.004768 0.393591 -0.007963
vn  0.136094 0.358888 -0.087621
vn  -0.144839 0.355870 -0.085896
vn  0.334659 -0.205122 0.030459
vn  0.193456 -0.331088 0.089191
vn  -0.313135 -0.238451 -0.009345
vn  -0.226613 -0.004170 0.321915
vn  -0.361579 -0.019162 0.154573
vn  -0.340205 -0.000171 0.198142
vn  -0.279588 0.214982 -0.174965
vn  -0.390375 0.025849 -0.044029
vn  -0.341696 0.194974 -0.015117
vn  -0.342982 -0.003261 0.193267
vn  -0.370913 -0.009697 0.131640
vn  -0.304590 0.115542 0.221077
vn  -0.000000 0.389750 0.055627
vn  0.000001 0.018596 0.393261
vn  0.143064 0.318839 0.181311
vn  -0.000000 0.103152 0.379946
vn  0.070005 -0.287418 0.259788
vn  0.139028 0.194445 0.312829
vn  0.260045 -0.295050 0.017940
vn  0.283290 0.271229 -0.034366
vn  0.260608 -0.275257 0.106380
vn  0.232975 0.034731 0.315461
vn  0.342982 -0.003268 0.193268
vn  0.247048 0.304405 0.036123
vn  -0.225580 -0.084127 -0.311506
vn  -0.266061 -0.029697 -0.288668
vn  -0.187670 -0.086954 -0.334991
vn  0.371642 -0.026079 -0.127286
vn  0.331996 -0.087031 -0.192884
vn  0.352953 -0.077841 -0.156093
vn  -0.256736 0.211022 0.211084
vn  -0.235826 -0.008129 -0.315150
vn  -0.371641 -0.031621 -0.126026
vn  -0.289190 0.031007 -0.265344
vn  0.256735 0.211021 0.211084
vn  0.235827 -0.008129 -0.315150
vn  0.289190 0.031007 -0.265344
vn  0.371640 -0.031621 -0.126029
vn  0.268116 0.253044 -0.138140
vn  0.239379 0.306353 0.062012
vn  0.226719 0.320793 0.026277
vn  0.042516 0.210682 -0.329856
vn  -0.152369 -0.004654 -0.362990
vn  -0.222713 0.190699 -0.262740
vn  -0.268094 0.253058 -0.138156
vn  -0.226670 0.320829 0.026255
vn  -0.239359 0.306371 0.062000
vn  -0.042516 0.210685 -0.329854
vn  0.222714 0.190704 -0.262736
vn  0.152372 -0.004653 -0.362989
vn  -0.019997 -0.098446 -0.380668
vn  0.298247 -0.180352 -0.183088
vn  0.129866 -0.256704 -0.268770
vn  0.217651 -0.048271 0.324496
vn  0.225388 -0.063936 0.316405
vn  -0.153009 0.033080 0.361239
vn  0.019992 -0.098429 -0.380673
vn  -0.129872 -0.256693 -0.268778
vn  -0.298257 -0.180332 -0.183093
vn  -0.217657 -0.048251 0.324495
vn  0.153007 0.033101 0.361238
vn  -0.225396 -0.063916 0.316403
vn  0.247908 -0.153198 -0.264711
vn  0.389721 0.053198 0.016952
vn  -0.247908 -0.153200 -0.264710
vn  -0.389721 0.053196 0.016953
vn  -0.306452 0.215236 -0.121493
vn  -0.000000 0.348688 -0.182801
vn  -0.213798 0.135994 -0.301324
vn  -0.196688 0.285430 -0.186664
vn  0.178458 -0.288956 0.199141
vn  -0.189176 0.309468 0.153106
vn  -0.261536 0.109342 0.273208
vn  -0.178464 -0.288947 0.199148
vn  0.189177 0.309485 0.153071
vn  0.261521 0.109357 0.273217
vn  0.152289 -0.255366 0.258062
vn  -0.018867 -0.267647 -0.288112
vn  -0.152224 -0.255397 0.258069
vn  0.018919 -0.267667 -0.288091
vn  -0.139952 -0.359573 0.078232
vn  0.094346 -0.344184 0.166240
vn  0.009829 -0.367973 -0.139639
vn  -0.374674 0.000790 0.120907
vn  0.139956 -0.359571 0.078235
vn  -0.009837 -0.367970 -0.139646
vn  -0.094354 -0.344181 0.166243
vn  0.374674 0.000795 0.120906
vn  -0.283290 0.271230 -0.034366
vn  -0.287712 0.202876 -0.176246
vn  -0.260044 -0.295051 0.017940
vn  -0.112791 0.296230 -0.233508
vn  -0.276296 -0.208788 -0.187264
vn  -0.034734 0.307896 -0.242886
vn  0.287712 0.202876 -0.176246
vn  0.276296 -0.208787 -0.187264
vn  0.112791 0.296230 -0.233508
vn  0.034735 0.307895 -0.242886
vn  0.333749 -0.196218 0.071480
vn  0.381545 -0.017413 0.095498
vn  -0.386476 0.061122 0.043586
vn  -0.381545 -0.017404 0.095501
vn  -0.333753 -0.196212 0.071481
vn  0.373108 0.123486 -0.023271
vn  0.123512 -0.303610 -0.218095
vn  0.273057 -0.132904 -0.250551
vn  -0.202938 -0.169403 -0.291751
vn  -0.373108 0.123485 -0.023270
vn  -0.273058 -0.132903 -0.250550
vn  -0.123512 -0.303610 -0.218095
vn  0.202938 -0.169402 -0.291751
vn  -0.061861 0.387751 0.028667
vn  -0.066203 0.372584 -0.108619
vn  0.285118 0.188682 -0.195210
vn  -0.148584 -0.082302 -0.355175
vn  0.069599 0.328210 -0.205995
vn  -0.292442 0.068785 -0.254452
vn  0.061859 0.387751 0.028679
vn  -0.285113 0.188679 -0.195219
vn  0.066192 0.372587 -0.108617
vn  0.148556 -0.082284 -0.355190
vn  0.292414 0.068816 -0.254476
vn  -0.069549 0.328210 -0.206011
vn  -0.334012 0.142577 0.152011
vn  0.331259 0.151917 0.148958
vn  0.193076 -0.331458 0.088638
vn  0.334012 0.142577 0.152011
vn  -0.331259 0.151918 0.148958
vn  -0.193076 -0.331458 0.088638
vn  -0.299819 -0.217141 0.134007
vn  -0.078481 -0.341382 0.179719
vn  -0.258247 0.014536 0.296811
vn  0.370846 0.123553 0.046986
vn  0.181413 0.286037 -0.200679
vn  0.195506 0.299313 0.164890
vn  0.299803 -0.217155 0.134020
vn  0.258241 0.014507 0.296817
vn  0.078483 -0.341386 0.179710
vn  -0.370845 0.123555 0.046988
vn  -0.195506 0.299311 0.164893
vn  -0.181410 0.286036 -0.200683
vn  -0.260607 -0.275258 0.106380
vn  0.000000 -0.339197 0.199863
vn  -0.070005 -0.287418 0.259788
vn  0.055482 -0.388445 -0.032128
vn  0.297251 0.089963 -0.241967
vn  -0.135312 -0.205210 -0.307538
vn  -0.254277 -0.266739 -0.138539
vn  0.052774 0.166184 -0.352984
vn  0.348694 -0.099571 -0.153289
vn  0.248541 -0.237255 0.192190
vn  0.250732 -0.128501 -0.274992
vn  0.157623 0.263558 -0.246357
vn  -0.348666 -0.099617 -0.153323
vn  -0.250713 -0.128509 -0.275006
vn  -0.248524 -0.237273 0.192190
vn  -0.157590 0.263549 -0.246388
vn  0.356058 0.164961 0.031787
vn  0.313332 -0.035438 -0.235726
vn  0.387224 -0.059381 -0.039128
vn  0.092628 -0.157972 -0.348517
vn  0.239150 -0.165655 -0.265265
vn  -0.244379 0.284093 0.120705
vn  -0.234479 -0.252695 0.190169
vn  -0.247178 -0.297487 -0.073513
vn  0.190051 -0.298536 0.172501
vn  0.244380 0.284092 0.120705
vn  0.234478 -0.252695 0.190170
vn  -0.190051 -0.298536 0.172501
vn  0.247178 -0.297487 -0.073513
vn  -0.202826 -0.336723 -0.021893
vn  -0.090528 -0.379795 -0.050600
vn  0.345588 -0.179777 0.056999
vn  0.090529 -0.379794 -0.050602
vn  0.202832 -0.336719 -0.021894
vn  -0.345592 -0.179769 0.056999
vn  -0.356058 0.164960 0.031788
vn  -0.387224 -0.059380 -0.039128
vn  -0.313333 -0.035437 -0.235726
vn  -0.092631 -0.157972 -0.348517
vn  -0.239151 -0.165654 -0.265265
vn  -0.010266 0.046667 -0.390790
vn  -0.348354 0.057907 -0.174057
vn  0.356977 -0.162622 0.033491
vn  0.389754 -0.053856 -0.013834
vn  0.369817 0.042025 -0.128333
vn  0.348355 0.057908 -0.174055
vn  0.010273 0.046673 -0.390789
vn  -0.356981 -0.162613 0.033491
vn  -0.369815 0.042039 -0.128332
vn  -0.389755 -0.053845 -0.013835
vn  -0.111920 0.351851 0.136655
vn  0.173078 0.350281 0.048448
vn  -0.129241 0.367954 -0.053912
vn  0.160344 0.220097 0.284336
vn  0.111924 0.351844 0.136668
vn  0.129242 0.367953 -0.053913
vn  -0.173079 0.350280 0.048450
vn  -0.160335 0.220092 0.284345
vn  -0.149620 -0.196399 0.306661
vn  -0.315179 -0.231741 0.044252
vn  0.119013 -0.248308 0.281388
vn  0.385240 0.073662 -0.034115
vn  -0.078224 0.261295 -0.283911
vn  0.314171 0.229588 -0.059879
vn  -0.119023 -0.248324 0.281369
vn  0.315179 -0.231740 0.044255
vn  0.149607 -0.196425 0.306651
vn  0.078226 0.261306 -0.283901
vn  -0.385240 0.073665 -0.034105
vn  -0.314171 0.229588 -0.059882
vn  0.000000 -0.226238 -0.322205
vn  -0.000000 0.313430 -0.238246
vn  -0.107313 0.081456 -0.369930
vn  0.111016 0.316261 0.206529
vn  -0.011104 0.360595 0.157631
vn  -0.111014 0.316262 0.206529
vn  0.011104 0.360595 0.157631
vn  -0.266143 0.126615 0.261029
vn  -0.342424 -0.021469 0.193092
vn  0.266138 0.126606 0.261039
vn  0.342423 -0.021463 0.193094
vn  0.127976 0.332276 -0.167972
vn  0.333882 0.205004 -0.038674
vn  0.338605 -0.193070 -0.055408
vn  0.000000 0.256869 -0.298359
vn  0.289354 0.058989 -0.260373
vn  0.078626 -0.059223 0.381196
vn  0.298156 0.052684 0.251648
vn  0.019063 -0.144905 0.365566
vn  -0.015183 0.018690 0.392963
vn  0.017779 0.390382 0.047809
vn  -0.298157 0.052683 0.251648
vn  -0.078628 -0.059222 0.381196
vn  -0.019063 -0.144904 0.365567
vn  -0.017777 0.390382 0.047811
vn  0.015186 0.018692 0.392963
vn  -0.299746 0.065906 0.246593
vn  -0.383197 0.086879 0.024731
vn  -0.392580 0.027047 -0.012200
vn  0.368107 -0.138986 0.013393
vn  0.375583 -0.096196 0.068435
vn  0.299743 0.065928 0.246592
vn  0.392579 0.027068 -0.012202
vn  0.383193 0.086898 0.024730
vn  -0.375588 -0.096177 0.068432
vn  -0.368114 -0.138969 0.013391
vn  -0.291898 -0.255372 -0.067682
vn  -0.338605 -0.193070 -0.055408
vn  -0.236181 -0.308821 0.062026
vn  0.000005 -0.393683 -0.003654
vn  -0.055453 -0.388448 -0.032138
vn  -0.252828 0.274600 0.125191
vn  -0.177056 0.212191 0.280403
vn  -0.382709 0.086928 0.031257
vn  -0.000000 0.263540 0.292483
vn  -0.050927 -0.389775 0.021946
vn  0.297130 -0.249336 0.067418
vn  -0.297126 -0.249341 0.067413
vn  0.050925 -0.389775 0.021941
vn  0.151643 -0.224312 0.285811
vn  0.055448 -0.325135 0.214971
vn  0.206612 -0.277823 0.187417
vn  0.336520 -0.164985 0.120556
vn  -0.151641 -0.224310 0.285814
vn  -0.055455 -0.325129 0.214978
vn  -0.206609 -0.277821 0.187424
vn  -0.336528 -0.164979 0.120543
vn  0.210775 0.040028 -0.330108
vn  0.123467 0.009410 0.373720
vn  -0.143714 -0.358843 0.074683
vn  -0.140915 -0.283589 0.233923
vn  -0.123434 0.009380 0.373732
vn  0.143686 -0.358854 0.074685
vn  0.140896 -0.283581 0.233943
vn  -0.249273 -0.273397 0.134599
vn  -0.167344 -0.251147 0.252826
vn  -0.208463 -0.230336 0.241844
vn  -0.139028 0.194445 0.312829
vn  -0.281027 0.232734 0.147845
vn  -0.176742 0.191563 -0.295069
vn  -0.335560 -0.024753 -0.204417
vn  -0.043223 -0.391034 0.014971
vn  -0.382982 0.090419 -0.012212
vn  0.176826 0.191511 -0.295052
vn  0.335587 -0.024789 -0.204368
vn  0.382996 0.090362 -0.012194
vn  0.043265 -0.391028 0.014993
vn  -0.352953 -0.077842 -0.156092
vn  -0.324857 -0.098482 -0.199421
vn  0.372694 -0.118788 -0.044590
vn  0.310133 -0.170245 -0.172725
vn  -0.213667 -0.062333 -0.324747
vn  -0.160491 -0.327034 -0.149301
vn  -0.310133 -0.170245 -0.172724
vn  0.330814 0.119113 -0.177127
vn  -0.099607 -0.037797 -0.379011
vn  0.024387 -0.388290 0.060295
vn  -0.330816 0.119118 -0.177119
vn  0.099610 -0.037795 -0.379011
vn  -0.024397 -0.388289 0.060301
vn  -0.345743 0.187964 -0.011462
vn  -0.000515 0.292844 -0.263138
vn  -0.119452 0.207758 -0.312358
vn  -0.259376 0.234921 -0.180377
vn  0.345743 0.187964 -0.011462
vn  0.000515 0.292844 -0.263138
vn  0.259376 0.234921 -0.180377
vn  0.119452 0.207758 -0.312358
vn  0.104065 0.055974 -0.375549
vn  -0.112983 0.132308 -0.353170
vn  0.184774 0.194047 -0.288451
vn  0.178916 -0.245615 -0.250324
vn  0.141895 -0.259531 -0.259825
vn  0.262025 -0.293822 -0.003336
vn  0.112983 0.132309 -0.353170
vn  -0.104064 0.055976 -0.375549
vn  -0.184771 0.194050 -0.288451
vn  -0.141895 -0.259529 -0.259827
vn  -0.178916 -0.245615 -0.250324
vn  -0.262026 -0.293822 -0.003335
vn  0.000000 -0.316756 0.233806
vn  -0.000000 -0.031226 0.392460
vn  -0.124533 -0.096917 0.360691
vn  0.157640 0.169149 0.318650
vn  0.162810 -0.095894 0.345394
vn  0.014265 -0.098095 0.381016
vn  0.168299 0.221569 0.278536
vn  -0.168296 0.221571 0.278537
vn  0.049024 0.389264 -0.032711
vn  0.053506 0.008172 -0.389962
vn  -0.208563 -0.218520 -0.252488
vn  -0.243561 0.040832 -0.306611
vn  -0.049024 0.389264 -0.032712
vn  -0.053506 0.008170 -0.389962
vn  0.243561 0.040828 -0.306612
vn  0.208563 -0.218519 -0.252489
vn  0.361580 -0.019163 0.154572
vn  0.226613 -0.004170 0.321914
vn  0.340206 -0.000170 0.198141
vn  -0.337782 0.200026 -0.029876
vn  -0.333692 0.161871 -0.132087
vn  -0.265450 0.218452 -0.191872
vn  -0.145805 0.200381 -0.305922
vn  0.337782 0.200025 -0.029877
vn  0.333692 0.161872 -0.132087
vn  0.145805 0.200381 -0.305921
vn  0.265449 0.218452 -0.191873
vn  0.252280 -0.025715 0.301153
vn  0.003103 0.326872 0.219419
vn  -0.247694 0.162059 0.259585
vn  0.378435 -0.095359 -0.051897
vn  -0.252237 -0.025752 0.301186
vn  0.247666 0.162068 0.259606
vn  -0.003049 0.326846 0.219458
vn  -0.378430 -0.095372 -0.051910
vn  0.249272 -0.273398 0.134598
vn  0.208463 -0.230336 0.241844
vn  0.281028 0.232734 0.147845
vn  -0.105426 0.344905 -0.157879
vn  -0.379663 -0.034579 -0.098285
vn  -0.324900 -0.198949 0.099294
vn  -0.052748 0.166148 -0.353005
vn  0.254274 -0.266749 -0.138526
vn  0.105430 0.344906 -0.157873
vn  0.379664 -0.034625 -0.098264
vn  0.324893 -0.198962 0.099288
vn  0.304589 0.115540 0.221078
vn  0.370912 -0.009705 0.131644
vn  -0.012361 -0.146104 -0.365377
vn  -0.092659 -0.374956 -0.076300
vn  0.092413 -0.245888 -0.293255
vn  -0.120267 0.046805 -0.371947
vn  -0.252807 0.017708 -0.301289
vn  -0.217716 0.000429 -0.328023
vn  -0.086558 -0.257549 -0.284914
vn  -0.176289 -0.175225 -0.305317
vn  -0.159565 -0.067071 -0.353610
vn  0.075308 -0.033047 0.385015
vn  0.000000 0.259034 0.296481
vn  0.000000 0.281667 0.275069
vn  -0.076772 0.100470 0.372842
vn  -0.014263 -0.098092 0.381017
vn  0.003083 0.154509 0.362101
vn  0.156522 -0.197837 0.302260
vn  -0.003083 0.154509 0.362101
vn  -0.156523 -0.197837 0.302260
vn  -0.346548 -0.185235 0.024333
vn  -0.391270 0.002356 -0.043613
vn  -0.297248 0.089940 -0.241980
vn  -0.380766 0.073116 -0.068345
vn  -0.161902 -0.069816 -0.352013
vn  0.161869 -0.069790 -0.352033
vn  -0.143064 0.318840 0.181311
vn  -0.232975 0.034733 0.315461
vn  -0.376453 0.020101 0.113485
vn  -0.247046 0.304406 0.036124
vn  -0.251958 0.296103 -0.061965
vn  -0.065361 -0.189965 -0.338587
vn  -0.092519 -0.245850 -0.293254
vn  0.012262 -0.146100 -0.365382
vn  -0.387967 0.042477 0.051738
vn  -0.000020 0.380943 -0.099408
vn  -0.229315 0.041660 -0.317299
vn  -0.204226 0.136972 -0.307457
vn  -0.277894 0.265253 0.086113
vn  -0.142437 0.366915 0.009188
vn  -0.006612 0.165347 -0.357234
vn  0.204202 0.136995 -0.307463
vn  0.142464 0.366905 0.009200
vn  0.277880 0.265266 0.086118
vn  0.006631 0.165340 -0.357237
vn  -0.232007 0.287601 0.135860
vn  -0.270498 0.283800 -0.035892
vn  -0.237875 0.310039 -0.047868
vn  -0.187962 0.200924 -0.281602
vn  -0.140855 0.068161 -0.361267
vn  -0.048314 -0.107149 -0.375745
vn  0.232010 0.287587 0.135885
vn  0.237878 0.310038 -0.047859
vn  0.270499 0.283799 -0.035891
vn  0.187965 0.200920 -0.281602
vn  0.048326 -0.107138 -0.375747
vn  0.140854 0.068157 -0.361268
vn  0.213040 -0.042727 -0.328311
vn  0.080988 -0.040651 -0.383129
vn  -0.000001 0.104642 -0.379539
vn  0.264366 0.106904 -0.271444
vn  -0.146828 -0.044521 -0.362573
vn  0.380760 0.073150 -0.068343
vn  0.000000 0.153198 -0.362671
vn  0.160597 -0.271621 0.235436
vn  -0.198630 0.106116 0.322932
vn  -0.160585 -0.271616 0.235450
vn  0.198640 0.106116 0.322926
vn  -0.333431 -0.013812 -0.208884
vn  0.333429 -0.013791 -0.208889
vn  0.162122 0.123416 0.336875
vn  -0.392894 -0.023399 0.009283
vn  0.392895 -0.023395 0.009279
vn  0.354903 -0.006496 0.170298
vn  0.390375 0.025851 -0.044027
vn  -0.142960 0.257536 0.261223
vn  0.043067 0.023157 0.390652
vn  0.142957 0.257536 0.261224
vn  -0.043069 0.023157 0.390651
vn  0.251962 0.296101 -0.061960
vn  0.376453 0.020091 0.113485
vn  0.387967 0.042475 0.051738
vn  -0.219946 -0.173703 -0.276497
vn  0.219946 -0.173690 -0.276505
vn  0.377799 0.047499 0.100057
vn  -0.377799 0.047499 0.100057
vn  -0.275137 0.261604 0.104223
vn  -0.157639 0.169148 0.318651
vn  0.135345 -0.205229 -0.307510
vn  0.056839 0.054668 -0.385721
vn  -0.118633 0.092718 -0.363771
vn  0.144298 0.061365 -0.361126
vn  0.220447 0.084087 -0.315170
vn  0.248638 0.122077 -0.279779
vn  -0.069364 -0.177389 -0.344560
vn  0.157904 -0.348674 -0.092156
vn  0.111606 -0.375313 0.041039
vn  -0.220439 0.084083 -0.315177
vn  0.069353 -0.177379 -0.344567
vn  -0.248605 0.122055 -0.279817
vn  -0.157884 -0.348680 -0.092165
vn  -0.111602 -0.375315 0.041029
vn  0.275137 0.261605 0.104222
vn  0.076773 0.100468 0.372843
vn  -0.369719 0.115330 -0.070756
vn  -0.302398 0.172957 0.183414
vn  -0.334133 -0.187792 -0.089938
vn  -0.142831 -0.214965 -0.297303
vn  -0.296768 -0.254468 0.046634
vn  0.369710 0.115354 -0.070765
vn  0.302381 0.172979 0.183421
vn  0.334111 -0.187818 -0.089967
vn  0.296758 -0.254474 0.046659
vn  0.142773 -0.214981 -0.297319
vn  -0.156761 0.341352 -0.117917
vn  -0.000000 0.387972 0.066915
vn  -0.206867 0.333721 -0.028916
vn  0.273127 0.283071 -0.016497
vn  -0.124104 0.280627 0.246670
vn  -0.140250 0.366021 -0.036852
vn  -0.376600 -0.019952 0.113022
vn  -0.153526 0.023476 0.361771
vn  -0.283476 -0.100419 0.254081
vn  -0.016976 0.026165 0.392463
vn  0.124104 0.280619 0.246679
vn  0.376598 -0.019960 0.113027
vn  0.140254 0.366019 -0.036853
vn  0.153520 0.023469 0.361774
vn  0.016970 0.026160 0.392463
vn  0.283471 -0.100429 0.254083
vn  -0.384313 -0.051371 0.068293
vn  -0.349013 0.181492 -0.015833
vn  -0.377588 -0.104837 -0.037893
vn  0.384314 -0.051370 0.068292
vn  0.349013 0.181492 -0.015833
vn  0.377589 -0.104837 -0.037890
vn  0.213177 0.327529 0.047753
vn  0.229007 0.216734 0.235757
vn  -0.288686 0.238991 0.120597
vn  -0.229006 0.216743 0.235751
vn  -0.213185 0.327519 0.047786
vn  0.288683 0.238992 0.120602
vn  -0.074392 -0.271591 -0.275144
vn  0.339201 0.167833 -0.108510
vn  0.074392 -0.271591 -0.275144
vn  -0.339201 0.167833 -0.108510
vn  -0.213042 -0.042727 -0.328310
vn  -0.196486 0.210491 -0.268489
vn  -0.343259 0.189121 -0.037498
vn  -0.328912 -0.085330 -0.198836
vn  0.343260 0.189119 -0.037498
vn  0.196488 0.210489 -0.268490
vn  0.328911 -0.085333 -0.198836
vn  0.041391 -0.246837 -0.303905
vn  -0.041391 -0.246838 -0.303903
vn  -0.067029 0.319809 -0.219611
vn  -0.001075 0.327516 0.218477
vn  0.001075 0.327516 0.218477
vn  -0.202751 0.325638 0.088609
vn  0.202754 0.325636 0.088608
vn  0.000018 -0.385235 0.081202
vn  -0.392348 0.027376 0.017710
vn  -0.349435 -0.102224 -0.149816
vn  0.349438 -0.102217 -0.149815
vn  0.252807 0.017708 -0.301289
vn  0.120267 0.046804 -0.371947
vn  0.217716 0.000429 -0.328023
vn  0.176288 -0.175226 -0.305316
vn  0.086557 -0.257549 -0.284914
vn  0.159565 -0.067071 -0.353610
vn  0.310852 0.045636 -0.237252
vn  0.268337 -0.281601 -0.060795
vn  0.309519 -0.011583 -0.243029
vn  -0.101864 0.354221 -0.138388
vn  -0.192797 -0.306062 0.155419
vn  -0.316693 0.172000 -0.158498
vn  0.206796 0.067319 -0.328182
vn  0.178978 0.033053 -0.349105
vn  -0.206795 0.067319 -0.328183
vn  -0.178977 0.033053 -0.349105
vn  -0.110826 -0.207710 -0.315554
vn  0.267023 -0.127724 -0.259586
vn  0.387872 -0.061007 0.028866
vn  0.110797 -0.207688 -0.315578
vn  -0.387873 -0.060997 0.028872
vn  -0.267025 -0.127707 -0.259593
vn  -0.075918 -0.313835 0.225263
vn  -0.197507 0.118498 0.319295
vn  -0.000000 -0.206263 0.335344
vn  -0.236457 -0.274035 0.154895
vn  0.149232 -0.316211 0.180941
vn  -0.131982 -0.257227 0.267235
vn  -0.149221 -0.316214 0.180945
vn  0.132002 -0.257239 0.267214
vn  -0.213760 -0.190984 0.269873
vn  0.058886 -0.246734 0.301088
vn  0.070244 -0.380928 -0.070422
vn  -0.071649 -0.376927 0.088275
vn  0.213762 -0.190976 0.269877
vn  -0.058887 -0.246725 0.301096
vn  0.071658 -0.376923 0.088282
vn  -0.070246 -0.380927 -0.070427
vn  0.000006 -0.067993 0.387784
vn  0.291898 -0.255371 -0.067682
vn  -0.000004 -0.355154 0.169899
vn  -0.000003 -0.320981 0.227971
vn  0.136657 -0.121039 -0.348818
vn  0.159057 0.044179 -0.357420
vn  -0.136659 -0.121054 -0.348812
vn  -0.159055 0.044189 -0.357419
vn  0.009398 0.393182 -0.017870
vn  -0.009396 0.393182 -0.017862
vn  0.387221 0.037293 -0.060571
vn  0.298564 0.251805 0.049532
vn  0.275913 0.161313 -0.229891
vn  0.291238 -0.009763 0.264735
vn  -0.298560 0.251813 0.049514
vn  -0.387223 0.037286 -0.060562
vn  -0.275919 0.161311 -0.229885
vn  -0.291230 -0.009813 0.264742
vn  0.226990 0.086160 -0.309922
vn  0.320567 0.065180 -0.219063
vn  -0.190481 -0.057583 -0.339707
vn  -0.195547 0.068438 -0.334779
vn  0.370866 -0.064971 -0.115051
vn  0.350340 -0.158976 -0.083597
vn  -0.370867 -0.064969 -0.115049
vn  -0.350339 -0.158979 -0.083593
vn  0.209175 -0.078815 0.324089
vn  -0.209168 -0.078819 0.324093
vn  0.347453 0.071648 0.170712
vn  0.135735 -0.324724 0.176437
vn  -0.347460 0.071618 0.170711
vn  -0.135758 -0.324711 0.176443
vn  0.065408 -0.189956 -0.338583
vn  -0.333869 0.205031 -0.038644
vn  -0.318616 -0.076821 -0.218133
vn  0.000001 0.185468 0.347277
vn  -0.049771 0.328842 -0.210678
vn  0.161526 0.338253 -0.120390
vn  -0.216815 0.239901 -0.224585
vn  0.049771 0.328840 -0.210681
vn  -0.161527 0.338252 -0.120392
vn  0.216814 0.239899 -0.224587
vn  0.099512 -0.359422 -0.126145
vn  0.125106 -0.314315 -0.201381
vn  0.043363 -0.048405 -0.388299
vn  -0.063862 -0.022516 -0.387833
vn  -0.099511 -0.359419 -0.126155
vn  -0.043355 -0.048392 -0.388302
vn  -0.125112 -0.314317 -0.201375
vn  0.063865 -0.022519 -0.387832
vn  -0.193818 0.198286 0.279494
vn  0.177405 -0.090914 0.339502
vn  -0.177405 -0.090914 0.339502
vn  0.181162 0.326558 0.124660
vn  0.050825 0.014157 0.390149
vn  0.084549 0.295548 0.245973
vn  0.150435 0.214284 0.294026
vn  -0.181180 0.326546 0.124665
vn  -0.050833 0.014157 0.390148
vn  -0.150435 0.214287 0.294024
vn  -0.084558 0.295529 0.245993
vn  0.031218 -0.122361 0.372898
vn  -0.031217 -0.122357 0.372899
vn  -0.306578 -0.243760 -0.039884
vn  -0.286036 -0.269369 0.024961
vn  0.306579 -0.243757 -0.039887
vn  0.286045 -0.269361 0.024958
vn  -0.099839 0.338214 -0.175052
vn  0.099858 0.338213 -0.175042
vn  0.259060 0.182011 -0.234008
vn  -0.259037 0.182001 -0.234041
vn  -0.331997 -0.087030 -0.192883
vn  0.236321 -0.269935 -0.162134
vn  -0.236321 -0.269936 -0.162133
vn  0.000004 -0.005280 0.393665
vn  0.179101 -0.181096 0.300211
vn  -0.000000 0.336187 -0.204885
vn  -0.024262 0.144216 -0.365531
vn  0.236458 -0.274034 0.154895
vn  0.313061 -0.235390 0.039801
vn  -0.313061 -0.235390 0.039801
vn  -0.112417 0.230353 0.298830
vn  -0.203493 0.221259 0.254233
vn  0.112419 0.230353 0.298830
vn  0.203498 0.221249 0.254238
vn  0.323666 0.044245 -0.219732
vn  0.343160 -0.144929 0.127423
vn  -0.057989 -0.157947 -0.355935
vn  0.040221 -0.250730 -0.300860
vn  -0.308790 0.070304 -0.233893
vn  0.012739 0.250050 -0.303829
vn  0.308774 0.070332 -0.233906
vn  -0.012750 0.250043 -0.303835
vn  0.058058 -0.157989 -0.355905
vn  -0.040117 -0.250786 -0.300827
vn  0.024262 0.144215 -0.365531
vn  0.091866 0.351912 -0.150726
vn  -0.091866 0.351911 -0.150727
vn  0.269930 -0.031044 -0.284910
vn  0.373087 0.064046 0.108185
vn  0.309308 -0.236929 0.056506
vn  0.109431 0.377705 -0.019071
vn  -0.323580 0.105707 -0.197792
vn  -0.078296 -0.052561 0.382239
vn  -0.373086 0.064047 0.108186
vn  -0.269931 -0.031043 -0.284910
vn  -0.309308 -0.236929 0.056507
vn  0.323582 0.105706 -0.197790
vn  -0.109431 0.377705 -0.019068
vn  0.078296 -0.052562 0.382239
vn  0.300856 -0.072648 -0.243327
vn  0.229314 0.041661 -0.317300
vn  -0.000007 0.316594 -0.234026
vn  0.118631 0.092718 -0.363771
vn  -0.056841 0.054664 -0.385721
vn  -0.144299 0.061367 -0.361125
vn  -0.000001 0.070073 -0.387414
vn  -0.000000 0.259226 0.296313
vn  -0.361072 0.152848 0.035557
vn  -0.309820 -0.088829 -0.226098
vn  -0.366193 -0.073525 -0.124483
vn  0.329467 0.046778 0.210388
vn  0.375908 0.117009 -0.001335
vn  -0.329467 0.046777 0.210387
vn  -0.375908 0.117009 -0.001335
vn  -0.321181 0.010976 0.227425
vn  -0.281305 -0.107237 -0.253707
vn  -0.204757 -0.326739 0.079474
vn  0.168913 0.020493 0.355033
vn  0.246424 0.245901 -0.183868
vn  -0.135123 0.365438 0.056537
vn  0.321181 0.010974 0.227424
vn  0.204753 -0.326741 0.079477
vn  0.281304 -0.107240 -0.253707
vn  -0.168914 0.020493 0.355032
vn  0.135129 0.365436 0.056537
vn  -0.246426 0.245899 -0.183869
vn  -0.227922 -0.222119 0.231763
vn  -0.290514 0.264972 -0.019764
vn  0.290514 0.264973 -0.019765
vn  0.227922 -0.222118 0.231764
vn  -0.323764 0.044037 -0.219630
vn  -0.343155 -0.144933 0.127432
vn  0.092897 -0.374850 -0.076532
vn  0.392346 0.027397 0.017719
vn  -0.075307 -0.033051 0.385014
vn  0.138077 0.196191 0.312159
vn  -0.052533 -0.175648 0.348407
vn  -0.054144 0.015344 0.389657
vn  0.052535 -0.175638 0.348412
vn  0.054145 0.015342 0.389657
vn  0.197507 0.118498 0.319294
vn  0.075920 -0.313835 0.225263
vn  0.124534 -0.096916 0.360691
vn  0.038550 -0.277175 0.276926
vn  -0.373927 -0.099059 0.073253
vn  0.373927 -0.099057 0.073253
vn  -0.280055 0.155011 0.229216
vn  -0.003815 -0.220862 0.325891
vn  0.280031 0.155032 0.229233
vn  0.003796 -0.220846 0.325902
vn  0.289609 0.169973 -0.205513
vn  -0.289611 0.169970 -0.205513
vn  -0.137151 0.154652 0.335070
vn  0.137150 0.154651 0.335071
vn  -0.151489 -0.171807 -0.320208
vn  -0.042020 -0.043904 -0.388981
vn  0.129558 0.191766 0.318497
vn  -0.129558 0.191766 0.318497
vn  -0.334461 0.071040 0.195164
vn  -0.086335 -0.061279 0.379198
vn  0.334463 0.071028 0.195165
vn  0.086334 -0.061268 0.379200
vn  -0.106821 -0.196994 0.323701
vn  0.235134 -0.029374 0.314402
vn  -0.000000 0.223138 0.324359
vn  0.156760 0.341353 -0.117917
vn  0.107310 0.081456 -0.369931
vn  -0.198075 0.171885 -0.293635
vn  -0.323236 -0.213944 -0.068892
vn  0.198075 0.171885 -0.293635
vn  0.323236 -0.213944 -0.068892
vn  -0.174681 -0.352683 0.010039
vn  0.174673 -0.352687 0.010043
vn  -0.214922 -0.214889 -0.250262
vn  0.214924 -0.214883 -0.250266
vn  0.277583 0.103796 -0.259179
vn  -0.283187 -0.160030 0.221800
vn  0.283192 -0.160017 0.221803
vn  0.221087 0.299984 -0.127004
vn  -0.221087 0.299984 -0.127004
vn  0.163476 0.282058 -0.220723
vn  0.079721 0.384072 0.033662
vn  0.080419 0.302163 0.239228
vn  -0.163474 0.282058 -0.220724
vn  -0.080417 0.302163 0.239229
vn  -0.079716 0.384073 0.033659
vn  -0.000000 0.055802 -0.389725
vn  0.086250 0.281153 0.261751
vn  -0.086248 0.281154 0.261751
vn  0.240710 -0.079839 -0.301138
vn  0.015776 0.067994 -0.387463
vn  -0.240718 -0.079812 -0.301139
vn  -0.015780 0.068011 -0.387460
vn  -0.000000 0.381263 0.098172
vn  -0.235133 -0.029374 0.314403
vn  -0.184419 0.187648 0.292878
vn  0.076268 -0.386162 -0.007852
vn  0.218630 -0.216054 0.246011
vn  0.368234 -0.054442 -0.128216
vn  0.245289 0.105438 0.289337
vn  -0.212620 0.328500 0.043362
vn  0.212600 0.328508 0.043403
vn  0.000001 0.060206 -0.389069
vn  0.225582 -0.084128 -0.311504
vn  0.190484 -0.057583 -0.339705
vn  0.213669 -0.062331 -0.324746
vn  0.266063 -0.029698 -0.288666
vn  0.046102 0.234307 -0.313009
vn  0.377444 0.068289 0.088725
vn  -0.377436 0.068253 0.088787
vn  -0.046066 0.234308 -0.313013
vn  0.236219 -0.308793 0.062025
vn  0.300782 -0.022133 0.253061
vn  -0.375385 -0.004633 0.118592
vn  -0.324532 -0.181449 0.129442
vn  0.375382 -0.004654 0.118602
vn  0.324528 -0.181454 0.129445
vn  0.328239 -0.070824 -0.205531
vn  0.351507 0.175866 0.022667
vn  -0.268993 0.111335 0.265042
vn  0.269030 0.111265 0.265033
vn  -0.233088 0.307162 -0.079505
vn  0.233091 0.307159 -0.079508
vn  0.084865 -0.373528 -0.090963
vn  -0.084864 -0.373528 -0.090963
vn  0.125284 -0.183672 0.324913
vn  -0.125309 -0.183660 0.324910
vn  -0.387289 -0.061885 -0.034313
vn  0.387289 -0.061886 -0.034313
vn  -0.300855 -0.072646 -0.243328
vn  -0.220366 0.065612 -0.319584
vn  0.000001 -0.389117 -0.059897
vn  0.000001 -0.227713 -0.321164
vn  -0.226989 0.086159 -0.309923
vn  -0.320566 0.065179 -0.219063
vn  -0.076766 -0.386063 -0.007864
vn  0.318601 -0.076844 -0.218147
vn  -0.372694 -0.118786 -0.044594
vn  -0.304453 -0.249420 -0.009859
vn  0.317440 -0.167521 -0.161766
vn  0.350478 -0.124532 0.129060
vn  0.186465 -0.342880 -0.051615
vn  -0.317439 -0.167533 -0.161756
vn  -0.186470 -0.342879 -0.051598
vn  -0.350484 -0.124521 0.129055
vn  0.118601 -0.280542 -0.249459
vn  0.222072 -0.321237 -0.049903
vn  -0.118591 -0.280542 -0.249463
vn  -0.222070 -0.321239 -0.049902
vn  -0.124204 -0.351347 0.126998
vn  0.124203 -0.351347 0.126998
vn  0.353641 0.163370 -0.056990
vn  0.246636 0.273367 0.139429
vn  -0.353641 0.163370 -0.056990
vn  -0.246637 0.273367 0.139428
vn  -0.224327 -0.008675 0.323422
vn  0.224320 -0.008658 0.323428
vn  0.178984 0.287137 -0.201288
vn  -0.178984 0.287134 -0.201292
vn  0.129709 -0.287052 -0.236170
vn  -0.129738 -0.287036 -0.236174
vn  0.130157 0.358445 0.097858
vn  -0.130163 0.358439 0.097870
vn  0.042017 -0.043905 -0.388982
vn  0.148209 -0.215191 -0.294493
vn  -0.148209 -0.215191 -0.294493
vn  0.386760 0.054492 -0.049469
vn  -0.386759 0.054461 -0.049511
vn  -0.287593 -0.232507 0.135020
vn  0.287615 -0.232488 0.135007
vn  -0.020522 -0.212618 0.330714
vn  0.020523 -0.212608 0.330721
vn  -0.307888 0.231705 0.080730
vn  -0.341862 -0.166500 0.102020
vn  0.341866 -0.166490 0.102023
vn  0.131595 -0.116975 -0.352135
vn  0.102648 -0.329738 -0.189040
vn  -0.131600 -0.116976 -0.352133
vn  -0.102647 -0.329737 -0.189041
vn  0.307888 0.231706 0.080727
vn  0.332068 0.193389 0.085625
vn  -0.332068 0.193388 0.085625
vn  0.075079 -0.103937 0.372236
vn  -0.075072 -0.103945 0.372236
vn  -0.218630 -0.216027 0.246034
vn  -0.240607 0.080069 0.301159
vn  -0.125325 -0.006383 0.373166
vn  0.151179 -0.246061 0.267579
vn  -0.252324 0.278682 -0.116914
vn  0.252325 0.278681 -0.116913
vn  0.252619 0.017371 0.301465
vn  0.125656 0.345053 0.141945
vn  -0.252606 0.017338 0.301479
vn  -0.125639 0.345066 0.141929
vn  0.127519 -0.240100 -0.284764
vn  -0.216331 -0.242016 -0.222775
vn  -0.127527 -0.240100 -0.284760
vn  0.216354 -0.242004 -0.222767
vn  -0.289354 0.058989 -0.260373
vn  -0.219541 -0.158485 -0.285804
vn  0.187669 -0.086955 -0.334991
vn  -0.038549 -0.277175 0.276926
vn  -0.225832 0.305226 0.104099
vn  0.119861 0.248191 -0.281131
vn  -0.119856 0.248201 -0.281124
vn  0.382937 0.059817 0.069146
vn  -0.382937 0.059803 0.069154
vn  -0.231490 -0.318099 -0.014991
vn  0.231590 -0.318026 -0.015004
vn  -0.175204 -0.183461 -0.301073
vn  -0.082752 -0.344248 -0.172177
vn  -0.250840 0.108645 -0.283329
vn  0.250830 0.108668 -0.283329
vn  -0.179759 0.323726 -0.133745
vn  -0.232452 -0.239025 0.209363
vn  -0.257319 0.266307 0.133668
vn  0.306254 0.237359 0.069775
vn  0.380035 -0.098774 0.028585
vn  0.251328 0.158706 -0.258160
vn  -0.273125 0.283072 -0.016499
vn  0.032904 -0.381995 -0.089426
vn  -0.032902 -0.381995 -0.089425
vn  0.000000 -0.037174 -0.391941
vn  0.220362 0.065607 -0.319587
vn  0.375659 -0.117781 0.002771
vn  0.141153 -0.221688 -0.293138
vn  0.316618 0.191374 -0.134643
vn  -0.375658 -0.117785 0.002774
vn  -0.141153 -0.221687 -0.293139
vn  -0.316614 0.191377 -0.134647
vn  0.378259 -0.050112 0.096998
vn  -0.022546 -0.392981 -0.007552
vn  -0.369651 -0.124851 0.052632
vn  0.022548 -0.392981 -0.007553
vn  0.369651 -0.124851 0.052632
vn  0.000000 -0.383698 -0.088179
vn  0.150375 -0.256028 -0.258528
vn  0.000000 -0.271234 -0.285363
vn  0.151489 -0.171807 -0.320208
vn  -0.125284 -0.176782 0.328712
vn  0.125280 -0.176776 0.328717
vn  -0.080989 -0.040646 -0.383130
vn  0.170840 -0.074596 -0.346769
vn  0.076084 0.066373 0.380533
vn  0.308761 -0.196590 0.144977
vn  -0.185244 -0.138986 0.318382
vn  -0.179103 -0.181090 0.300213
vn  -0.170845 -0.074595 -0.346767
vn  -0.355646 0.039785 -0.164111
vn  -0.283720 0.015304 -0.272522
vn  0.206866 0.333721 -0.028916
vn  0.054606 -0.022986 0.389216
vn  0.290123 -0.237200 0.120683
vn  0.198247 0.115134 -0.320065
vn  0.142995 -0.073707 -0.359332
vn  -0.198245 0.115135 -0.320067
vn  -0.142993 -0.073707 -0.359332
vn  0.225833 0.305226 0.104099
vn  -0.170078 -0.354032 -0.027103
vn  0.170134 -0.354004 -0.027117
vn  0.029288 -0.377987 -0.106150
vn  -0.029298 -0.377987 -0.106148
vn  0.175205 -0.183461 -0.301073
vn  0.082752 -0.344248 -0.172177
vn  0.117759 -0.272894 -0.258188
vn  -0.010215 -0.349331 -0.181282
vn  0.010213 -0.349332 -0.181281
vn  0.160492 -0.327034 -0.149301
vn  0.000000 -0.096197 -0.381767
vn  0.355646 0.039794 -0.164109
vn  0.283720 0.015307 -0.272522
vn  -0.000000 0.094951 0.382079
vn  0.294316 0.009852 0.261305
vn  -0.084760 0.061481 0.379520
vn  0.202574 -0.053193 -0.333367
vn  0.092934 -0.211350 -0.318895
vn  0.253291 -0.169196 -0.249431
vn  0.060949 -0.056957 -0.384761
vn  0.078700 0.335394 0.190570
vn  -0.153775 0.245883 0.266260
vn  0.190007 0.338268 -0.066872
vn  0.000001 -0.008478 -0.393609
vn  0.000000 0.063698 -0.388513
vn  0.237087 -0.196106 -0.245626
vn  0.266026 -0.142598 0.252777
vn  -0.266014 -0.142609 0.252782
vn  -0.092934 -0.211350 -0.318895
vn  -0.202575 -0.053194 -0.333367
vn  -0.253291 -0.169199 -0.249430
vn  -0.060949 -0.056957 -0.384761
vn  -0.124548 0.055083 0.369396
vn  0.124539 0.055043 0.369405
vn  -0.317467 0.142069 -0.184474
vn  0.317466 0.142074 -0.184473
vn  0.097932 -0.298579 -0.237191
vn  -0.374625 -0.121061 0.000209
vn  -0.006201 0.153799 0.362363
vn  0.006205 0.153771 0.362375
vn  -0.223370 0.063916 -0.317837
vn  0.223364 0.063938 -0.317836
vn  -0.224634 0.260756 -0.191168
vn  -0.021489 0.389459 -0.053471
vn  0.021489 0.389459 -0.053473
vn  0.195552 0.068439 -0.334776
vn  0.000001 0.058354 -0.389351
vn  0.006035 -0.358615 -0.162353
vn  0.160379 -0.308387 -0.184866
vn  -0.006037 -0.358615 -0.162353
vn  -0.160376 -0.308391 -0.184862
vn  0.262696 -0.276788 0.096845
vn  0.065408 -0.264791 0.283914
vn  0.256092 0.272233 -0.123716
vn  0.352328 0.142530 -0.102714
vn  0.000000 -0.099670 -0.380875
vn  -0.000000 -0.239618 -0.312383
vn  -0.157279 -0.344435 -0.107832
vn  0.000000 -0.000943 -0.393699
vn  0.000000 -0.068930 -0.387619
vn  -0.221475 0.011652 -0.325288
vn  0.221476 0.011651 -0.325288
vn  -0.294375 -0.210477 -0.155057
vn  0.294403 -0.210463 -0.155022
vn  -0.117759 -0.272894 -0.258188
vn  0.238853 -0.051584 -0.308687
vn  -0.238854 -0.051587 -0.308686
vn  0.173062 0.092278 -0.341371
vn  -0.190894 0.080049 -0.334890
vn  -0.242971 -0.022241 -0.308982
vn  0.281413 0.037563 -0.272755
vn  0.000000 -0.128591 -0.372108
vn  -0.237086 -0.196106 -0.245626
vn  -0.103609 -0.265293 -0.271817
vn  -0.191437 -0.255798 -0.230042
vn  0.088911 0.312178 0.222798
vn  0.191437 -0.255799 -0.230040
vn  0.103610 -0.265293 -0.271816
vn  -0.179008 -0.050945 -0.346930
vn  0.179007 -0.050945 -0.346930
# 1256 vertex normals

g Object__0
s 1
f 2/2/2 808/501/808 3/3/3 1/1/1
f 6/6/6 809/1698/809 4/4/4 5/5/5
f 7/7/7 97/70/97 8/8/8 9/9/9
f 12/12/12 921/1893/921 10/10/10 11/11/11
f 15/15/15 118/1734/118 13/13/13 14/14/14
f 17/17/17 116/1648/116 18/18/18 16/16/16
f 19/19/19 416/2869/416 20/20/20 21/21/21
f 22/22/22 136/92/136 23/23/23 24/24/24
f 25/2866/25 398/249/398 26/956/26 27/957/27
f 30/27/30 95/68/95 28/25/28 29/26/29
f 32/29/32 666/1733/666 33/30/33 31/28/31
f 35/1651/35 113/80/113 36/959/36 34/958/34
f 38/32/38 890/558/890 39/33/39 37/31/37
f 41/35/41 998/2339/998 42/36/42 40/34/40
f 45/2369/45 892/2370/892 43/960/43 44/961/44
f 48/2337/48 997/630/997 46/962/46 47/963/47
f 51/39/51 1005/636/1005 49/37/49 50/38/50
f 54/42/54 507/314/507 52/40/52 53/41/53
f 56/44/56 302/192/302 57/45/57 55/43/55
f 60/48/60 102/75/102 58/46/58 59/47/59
f 62/2379/62 304/2378/304 63/965/63 61/964/61
f 64/2696/64 107/2697/107 65/966/65 66/967/66
f 67/49/67 452/276/452 68/50/68 69/51/69
f 71/1754/71 696/427/696 72/969/72 70/968/70
f 73/52/73 339/1622/339 74/53/74 75/54/75
f 78/1348/78 112/1349/112 76/970/76 77/55/77
f 79/56/79 467/289/467 80/57/80 81/58/81
f 83/277/83 55/43/55 57/59/57 82/60/82
f 86/1255/86 471/1256/471 84/971/84 85/972/85
f 62/1114/62 61/1115/61 87/973/87 88/974/88
f 89/62/89 982/620/982 90/63/90 91/64/91
f 94/67/94 527/325/527 92/65/92 93/66/93
f 96/69/96 669/413/669 28/25/28 95/68/95
f 100/73/100 150/99/150 98/71/98 99/72/99
f 101/74/101 595/2182/595 47/975/47 46/976/46
f 106/79/106 1002/823/1002 104/77/104 105/78/105
f 109/2151/109 999/2152/999 110/980/110 111/981/111
f 112/1238/112 36/1237/36 113/80/113 76/982/76
f 114/81/114 991/1579/991 115/82/115 32/29/32
f 116/1414/116 17/17/17 75/54/75 74/53/74
f 119/1577/119 990/624/990 117/983/117 118/984/118
f 121/84/121 738/452/738 122/85/122 120/83/120
f 123/86/123 816/507/816 124/87/124 125/88/125
f 127/1289/127 741/1290/741 128/986/128 126/985/126
f 131/1360/131 817/1361/817 129/987/129 130/988/130
f 132/1317/132 667/1316/667 133/89/133 134/90/134
f 135/91/135 752/1298/752 136/92/136 22/22/22
f 138/94/138 862/538/862 139/95/139 137/93/137
f 141/97/141 835/1375/835 142/98/142 140/96/140
f 144/2383/144 866/2384/866 145/990/145 143/989/143
f 147/1373/147 834/519/834 148/992/148 146/991/146
f 40/34/40 514/318/514 149/993/149 41/35/41
f 152/101/152 1108/1844/1108 153/102/153 151/100/151
f 68/50/68 720/440/720 154/103/154 69/51/69
f 159/108/159 796/495/796 160/109/160 158/107/158
f 165/1337/165 798/1338/798 166/998/166 164/997/164
f 168/111/168 641/397/641 169/112/169 167/110/167
f 171/114/171 268/174/268 172/115/172 170/113/170
f 173/116/173 350/392/350 174/117/174 175/118/175
f 178/121/178 702/433/702 176/119/176 177/120/177
f 181/1213/181 356/1212/356 179/999/179 180/1000/180
f 182/2208/182 707/2209/707 183/1001/183 184/1002/184
f 185/2026/185 985/2025/985 186/1003/186 187/1004/187
f 190/1840/190 1107/742/1107 188/1005/188 189/1006/189
f 192/1318/192 15/15/15 14/14/14 191/1007/191
f 195/1299/195 663/410/663 193/1008/193 194/1009/194
f 197/1347/197 808/501/808 198/123/198 196/122/196
f 199/124/199 1216/940/1216 196/122/196 198/123/198
f 201/126/201 994/628/994 202/127/202 200/125/200
f 204/129/204 493/304/493 205/130/205 203/128/203
f 211/136/211 710/436/710 209/134/209 210/135/210
f 215/2540/215 715/2541/715 216/1013/216 217/1014/217
f 220/139/220 645/402/645 218/137/218 219/138/219
f 221/140/221 509/316/509 222/141/222 223/142/223
f 224/1880/224 648/1881/648 225/1015/225 226/1016/226
f 229/2327/229 512/2328/512 227/1017/227 228/1018/228
f 231/144/231 541/336/541 232/145/232 230/143/230
f 234/147/234 364/535/364 235/148/235 233/146/233
f 237/1832/237 545/1833/545 238/1020/238 236/1019/236
f 240/1396/240 367/1395/367 241/1022/241 239/1021/239
f 242/149/242 1013/643/1013 243/150/243 244/151/244
f 245/152/245 1167/812/1167 246/153/246 247/154/247
f 249/1553/249 692/425/692 250/157/250 248/155/248
f 252/159/252 260/167/260 253/160/253 251/158/251
f 254/161/254 381/235/381 255/162/255 256/163/256
f 257/164/257 333/1058/333 258/165/258 259/166/259
f 262/168/262 253/160/253 260/167/260 261/1023/261
f 268/174/268 171/114/171 266/172/266 267/173/267
f 79/56/79 81/58/81 269/175/269 121/84/121
f 272/178/272 345/215/345 270/176/270 271/177/271
f 273/2090/273 85/2089/85 84/1025/84 128/1024/128
f 274/2277/274 349/2276/349 275/1026/275 276/1027/276
f 277/179/277 163/2901/163 278/180/278 279/181/279
f 285/2903/285 156/105/156 283/1028/283 284/1029/284
f 289/185/289 1008/638/1008 290/186/290 291/187/291
f 294/190/294 476/293/476 292/188/292 293/189/293
f 297/2816/297 1010/2817/1010 295/1033/295 296/1034/296
f 298/1478/298 481/1479/481 299/1035/299 300/1036/300
f 58/46/58 783/486/783 301/191/301 59/47/59
f 302/192/302 880/551/880 301/193/301 57/45/57
f 303/1332/303 785/1331/785 64/1037/64 66/1038/66
f 303/2474/303 881/2473/881 304/1040/304 62/1039/62
f 307/1304/307 761/1303/761 308/1041/308 305/1042/305
f 208/133/208 788/490/788 309/197/309 206/131/206
f 310/198/310 965/607/965 173/116/173 311/199/311
f 312/2222/312 790/2223/790 213/1044/213 212/1043/212
f 179/1527/179 967/1526/967 313/1045/313 314/1046/314
f 316/201/316 896/567/896 155/104/155 157/106/157
f 161/2975/161 902/2974/902 318/1050/318 162/1051/162
f 319/202/319 801/498/801 320/203/320 321/204/321
f 322/205/322 871/542/871 35/1052/35 34/1053/34
f 325/1649/325 805/1650/805 323/1054/323 324/1055/324
f 18/18/18 873/1406/873 326/1056/326 16/16/16
f 329/1080/329 380/1081/380 327/1057/327 328/206/328
f 330/207/330 487/1209/487 331/208/331 332/209/332
f 334/1127/334 463/285/463 335/1059/335 336/1060/336
f 77/55/77 411/258/411 337/210/337 338/211/338
f 341/1094/341 414/1093/414 339/1061/339 340/1062/340
f 344/214/344 969/2704/969 342/212/342 343/213/343
f 272/178/272 1002/1600/1002 106/216/106 345/215/345
f 346/2702/346 970/807/970 347/1063/347 348/1064/348
f 110/1599/110 999/633/999 275/1066/275 349/1065/349
f 352/219/352 898/756/898 350/217/350 351/218/351
f 353/220/353 699/430/699 354/221/354 355/222/355
f 356/1877/356 900/1876/900 357/1067/357 358/1068/358
f 361/1799/361 705/1800/705 359/1069/359 360/1070/360
f 234/228/234 583/1182/583 363/226/363 364/227/364
f 366/1181/366 579/360/579 241/1074/241 367/1075/367
f 369/777/369 980/1926/980 370/231/370 368/229/368
f 373/234/373 979/2763/979 371/232/371 372/233/372
f 375/1928/375 978/619/978 376/1077/376 374/1076/374
f 377/2754/377 977/618/977 378/1078/378 379/1079/379
f 254/161/254 517/1477/517 382/1082/382 381/235/381
f 383/236/383 668/598/668 384/237/384 385/238/385
f 385/238/385 384/237/384 387/240/387 386/239/386
f 389/242/389 1078/709/1078 390/243/390 388/241/388
f 390/244/390 646/403/646 391/245/391 388/246/388
f 393/2837/393 1079/2838/1079 394/1084/394 392/1083/392
f 395/1222/395 650/1221/650 393/1085/393 392/1086/392
f 69/51/69 893/562/893 400/251/400 399/250/399
f 122/85/122 932/2580/932 401/252/401 120/83/120
f 403/254/403 880/549/880 404/255/404 402/253/402
f 405/2588/405 930/589/930 127/1088/127 126/1087/126
f 407/1422/407 881/1423/881 408/1090/408 406/1089/406
f 410/257/410 802/499/802 319/202/319 409/256/409
f 323/2832/323 807/2833/807 412/1091/412 413/1092/413
f 419/2113/419 949/2114/949 187/1098/187 418/1099/418
f 379/259/379 813/506/813 420/260/420 421/1100/421
f 426/1670/426 815/1671/815 372/1101/372 425/1102/425
f 431/265/431 845/529/845 432/266/432 430/264/430
f 430/264/430 867/1901/867 433/267/433 431/265/431
f 435/2289/435 848/2290/848 436/1107/436 434/1106/434
f 437/1899/437 864/540/864 434/1108/434 436/1109/436
f 440/673/440 821/511/821 438/268/438 439/269/439
f 442/272/442 746/1531/746 443/273/443 441/271/441
f 446/830/446 825/2665/825 444/1110/444 445/1111/445
f 449/1532/449 742/457/742 447/1112/447 448/1113/448
f 450/274/450 985/2896/985 451/275/451 452/276/452
f 409/283/409 992/627/992 115/82/115 410/282/410
f 119/2373/119 993/2372/993 413/1123/413 412/1122/412
f 187/1353/187 638/504/638 462/284/462 461/1124/461
f 6/6/6 5/5/5 464/286/464 465/287/465
f 79/56/79 869/541/869 466/288/466 467/289/467
f 469/291/469 566/350/566 470/292/470 468/290/468
f 472/1758/472 870/1757/870 84/1128/84 471/1129/471
f 474/1173/474 567/1174/567 475/1131/475 473/1130/473
f 476/293/476 294/190/294 477/294/477 478/295/478
f 480/298/480 293/364/293 292/296/292 479/297/479
f 483/2200/483 299/2201/299 481/1132/481 482/1133/482
f 298/1187/298 300/1186/300 484/1134/484 485/1135/485
f 383/236/383 385/238/385 487/1136/487 486/299/486
f 489/301/489 811/503/811 490/1137/490 488/300/488
f 493/304/493 204/129/204 491/302/491 492/303/492
f 200/125/200 983/621/983 494/305/494 201/126/201
f 496/307/496 980/1927/980 369/230/369 495/306/495
f 376/1929/376 978/619/978 497/1142/497 498/1143/498
f 500/309/500 671/416/671 311/310/311 499/308/499
f 501/311/501 966/631/966 502/312/502 499/313/499
f 314/1236/314 673/1235/673 504/1145/504 503/1144/503
f 506/1596/506 968/1595/968 505/1146/505 503/1147/503
f 508/315/508 836/520/836 219/138/219 218/137/218
f 510/317/510 1074/703/1074 222/141/222 509/316/509
f 226/2494/226 838/2495/838 511/1148/511 224/1149/224
f 229/1717/229 1075/1718/1075 513/1151/513 512/1150/512
f 515/1392/515 858/1391/858 149/1152/149 514/318/514
f 516/319/516 382/1458/382 517/1153/517 518/320/518
f 521/323/521 797/496/797 522/324/522 520/322/520
f 525/1339/525 799/1340/799 526/1158/526 524/1157/524
f 527/325/527 879/548/879 528/326/528 92/65/92
f 244/151/244 1105/738/1105 493/304/493 492/303/492
f 267/173/267 266/172/266 529/327/529 530/328/530
f 442/272/442 441/271/441 534/332/534 535/333/535
f 439/269/439 1043/1669/1043 536/334/536 440/270/440
f 537/2761/537 448/2762/448 447/1159/447 538/1160/538
f 539/1667/539 1042/672/1042 445/1161/445 444/1162/444
f 540/335/540 751/2346/751 233/225/233 362/224/362
f 543/338/543 232/145/232 541/336/541 542/337/542
f 239/2347/239 749/459/749 544/1164/544 365/1163/365
f 545/2619/545 237/2618/237 546/1165/546 547/1166/547
f 549/340/549 947/1496/947 550/341/550 548/339/548
f 556/1493/556 946/597/946 554/1167/554 555/1168/555
f 562/347/562 1120/1869/1120 560/345/560 561/346/561
f 563/348/563 954/1512/954 564/1172/564 565/349/565
f 124/351/124 931/778/931 402/253/402 404/255/404
f 406/1936/406 929/1935/929 131/1176/131 407/1175/407
f 568/353/568 1040/1655/1040 106/79/106 342/352/342
f 569/354/569 343/213/343 570/355/570 571/356/571
f 110/1658/110 1041/1659/1041 572/1177/572 346/1178/346
f 575/1323/575 348/1322/348 573/1179/573 574/1180/574
f 576/357/576 982/620/982 577/358/577 578/359/578
f 589/367/589 670/415/670 587/365/587 588/366/588
f 591/1233/591 672/1234/672 592/1188/592 593/1189/593
f 101/74/101 100/73/100 99/72/99 595/1193/595
f 256/163/256 255/162/255 596/1194/596 597/1195/597
f 598/369/598 599/370/599 386/239/386 387/240/387
f 599/370/599 598/369/598 38/32/38 600/371/600
f 602/2061/602 604/2060/604 603/1197/603 601/1196/601
f 43/1620/43 603/1621/603 604/1198/604 605/1199/605
f 606/435/606 708/1273/708 607/1201/607 261/1200/261
f 609/373/609 894/1775/894 610/374/610 608/372/608
f 612/376/612 1053/682/1053 613/377/613 611/375/611
f 616/380/616 1232/913/1232 614/378/614 615/379/615
f 617/381/617 620/384/620 618/382/618 619/383/619
f 621/1259/621 693/1260/693 21/21/21 620/384/620
f 623/386/623 240/1915/240 365/1202/365 622/385/622
f 366/1430/366 762/464/762 236/1203/236 579/360/579
f 362/224/362 235/223/235 625/1205/625 624/1204/624
f 230/143/230 763/1428/763 363/226/363 583/1206/583
f 627/1735/627 13/13/13 118/1208/118 626/1207/626
f 13/13/13 627/2804/627 629/388/629 628/387/628
f 355/391/355 897/569/897 630/389/630 353/390/353
f 631/2485/631 899/2486/899 360/1210/360 359/1211/359
f 252/159/252 251/158/251 632/1214/632 633/1215/633
f 634/393/634 248/155/248 635/1216/635 636/394/636
f 637/395/637 1054/1685/1054 638/1217/638 639/1218/639
f 636/394/636 1107/742/1107 640/396/640 634/393/634
f 642/398/642 1168/813/1168 616/380/616 615/379/615
f 494/399/494 983/702/983 492/303/492 491/302/491
f 643/400/643 223/2493/223 644/401/644 645/402/645
f 649/2489/649 228/901/228 647/1219/647 648/1220/648
f 653/406/653 865/1399/865 651/404/651 652/405/652
f 655/408/655 853/534/853 656/409/656 654/407/654
f 657/1398/657 861/537/861 658/1223/658 659/1224/659
f 661/1389/661 857/1390/857 662/1226/662 660/1225/660
f 136/92/136 1160/2003/1160 665/412/665 23/23/23
f 666/1732/666 32/29/32 667/1228/667 132/1229/132
f 668/2802/668 33/30/33 666/1231/666 384/1230/384
f 96/69/96 761/2176/761 307/1232/307 669/413/669
f 306/195/306 28/2189/28 669/414/669 307/196/307
f 1/1/1 37/31/37 39/33/39 2/2/2
f 477/294/477 1217/879/1217 674/417/674 478/295/478
f 675/2353/675 1218/2354/1218 483/1240/483 482/1239/482
f 676/1964/676 197/1965/197 45/1241/45 44/1242/44
f 559/2842/559 1151/787/1151 677/418/677 557/1243/557
f 678/2845/678 1153/2844/1153 553/344/553 552/343/552
f 578/359/578 1191/840/1191 679/419/679 576/357/576
f 56/44/56 55/43/55 467/289/467 466/288/466
f 682/422/682 468/290/468 470/292/470 681/421/681
f 471/1567/471 61/1566/61 63/1244/63 472/1245/472
f 474/1755/474 473/1756/473 684/1247/684 683/1246/683
f 687/2911/687 1108/2910/1108 685/1248/685 686/1249/686
f 262/168/262 261/2994/261 686/1250/686 685/1251/685
f 690/424/690 467/289/467 55/43/55 83/277/83
f 61/1565/61 471/1564/471 691/1257/691 87/1258/87
f 628/1766/628 629/1765/629 490/1261/490 694/1262/694
f 601/2012/601 628/2013/628 694/1263/694 602/1264/602
f 696/427/696 974/614/974 697/428/697 695/426/695
f 699/430/699 353/220/353 700/431/700 698/429/698
f 704/1572/704 359/1571/359 705/1269/705 703/1268/703
f 565/349/565 709/1506/709 27/1274/27 563/348/563
f 709/1808/709 1098/1807/1098 25/1275/25 27/1276/27
f 711/437/711 175/118/175 209/134/209 710/436/710
f 712/811/712 211/136/211 713/438/713 714/439/714
f 215/2726/215 180/2727/180 716/1278/716 715/1277/715
f 719/2081/719 216/2082/216 717/1279/717 718/1280/718
f 720/440/720 451/275/451 721/441/721 722/442/722
f 462/949/462 29/2930/29 723/443/723 461/1281/461
f 726/666/726 727/447/727 724/444/724 725/445/725
f 728/448/728 1209/865/1209 729/449/729 727/447/727
f 730/803/730 733/2029/733 731/1282/731 732/1283/732
f 734/2457/734 1210/2456/1210 735/1285/735 733/1284/733
f 743/454/743 446/2172/446 445/1291/445 742/453/742
f 742/457/742 449/2758/449 744/455/744 743/456/743
f 439/269/439 438/268/438 745/1292/745 746/1293/746
f 747/2755/747 443/273/443 746/1295/746 745/1294/745
f 241/2738/241 1211/933/1211 748/458/748 239/1296/239
f 546/2079/546 544/2080/544 749/459/749 547/1297/547
f 750/2741/750 1212/2740/1212 234/147/234 233/146/233
f 751/2076/751 540/335/540 543/338/543 542/337/542
f 754/461/754 888/1604/888 755/462/755 753/460/753
f 758/1602/758 887/556/887 756/1300/756 757/1301/757
f 557/2922/557 1226/2923/1226 759/463/759 558/1302/558
f 760/2917/760 1224/903/1224 552/343/552 551/342/551
f 195/2323/195 23/23/23 665/412/665 664/411/664
f 365/1309/365 544/1308/544 236/1307/236 762/464/762
f 230/143/230 540/335/540 362/224/362 763/1310/763
f 273/2105/273 128/2104/128 739/1311/739 740/1312/740
f 764/465/764 109/3001/109 111/1313/111 455/1314/455
f 736/450/736 121/84/121 269/175/269 737/451/737
f 105/78/105 104/77/104 765/1315/765 453/278/453
f 766/466/766 488/836/488 199/124/199 198/123/198
f 490/1763/490 629/1764/629 767/467/767 488/300/488
f 667/1792/667 992/627/992 768/468/768 133/89/133
f 769/1796/769 993/1795/993 15/15/15 192/1319/192
f 82/60/82 782/485/782 102/75/102 103/76/103
f 107/1329/107 784/1330/784 88/1321/88 108/1320/108
f 772/471/772 827/513/827 770/469/770 771/470/771
f 774/473/774 1232/913/1232 775/474/775 773/472/773
f 147/2018/147 1064/2019/1064 288/475/288 287/476/287
f 433/478/433 834/519/834 147/1324/147 431/477/431
f 281/2017/281 1066/799/1066 142/98/142 282/1325/282
f 142/98/142 835/1748/835 437/1326/437 436/1327/436
f 776/479/776 1163/804/1163 777/480/777 778/481/778
f 780/483/780 1164/805/1164 781/484/781 779/482/779
f 352/488/352 787/489/787 786/487/786 630/389/630
f 208/133/208 786/487/786 787/489/787 788/490/788
f 789/2282/789 791/2283/791 357/1333/357 631/1334/631
f 791/1569/791 789/1570/789 213/1335/213 790/1336/790
f 793/492/793 925/584/925 794/493/794 792/491/792
f 795/494/795 1100/2559/1100 793/492/793 792/491/792
f 463/285/463 694/1594/694 490/1351/490 809/1350/809
f 810/502/810 809/2184/809 490/1352/490 811/503/811
f 249/2940/249 950/2941/950 19/19/19 692/425/692
f 498/2145/498 1060/689/1060 374/1355/374 376/1354/376
f 813/506/813 1058/2254/1058 812/505/812 420/260/420
f 368/229/368 1062/2148/1062 495/306/495 369/230/369
f 814/2250/814 1061/863/1061 815/1356/815 426/1357/426
f 401/252/401 931/1488/931 124/87/124 816/507/816
f 131/1485/131 929/588/929 405/1358/405 817/1359/817
f 820/510/820 1124/760/1124 818/508/818 819/509/819
f 745/2173/745 438/2174/438 821/511/821 747/1362/747
f 823/2231/823 1125/2230/1125 824/1364/824 822/1363/822
f 825/2171/825 446/830/446 743/456/743 744/455/744
f 264/170/264 263/169/263 828/514/828 829/515/829
f 819/509/819 1044/806/1044 830/516/830 820/510/820
f 831/517/831 1043/820/1043 535/333/535 534/332/534
f 832/2046/832 1045/2045/1045 822/1366/822 824/1365/824
f 538/2123/538 1042/2124/1042 833/1368/833 537/1367/537
f 788/518/788 787/866/787 352/219/352 590/368/590
f 499/313/499 206/131/206 309/197/309 501/311/501
f 357/2281/357 791/2280/791 790/1369/790 594/1370/594
f 312/1837/312 212/1836/212 503/1371/503 505/1372/505
f 144/2730/144 315/200/315 796/495/796 159/108/159
f 798/2731/798 317/2732/317 139/95/139 166/1374/166
f 389/242/389 1085/715/1085 836/520/836 508/315/508
f 837/521/837 1101/732/1101 510/522/510 509/523/509
f 838/1768/838 1086/1767/1086 394/1376/394 511/1377/511
f 513/1823/513 1102/1824/1102 839/1378/839 512/1379/512
f 529/327/529 53/41/53 52/40/52 530/328/530
f 50/38/50 533/331/533 532/330/532 51/39/51
f 610/374/610 1015/646/1015 840/1380/840 608/372/608
f 152/101/152 151/100/151 842/525/842 841/524/841
f 252/159/252 693/2986/693 843/526/843 563/527/563
f 845/529/845 1076/706/1076 844/528/844 432/266/432
f 846/530/846 652/405/652 432/266/432 844/528/844
f 847/1722/847 1077/1723/1077 848/1383/848 435/1384/435
f 435/2848/435 659/2849/659 849/1385/849 847/1386/847
f 852/533/852 656/409/656 850/531/850 851/532/851
f 854/2765/854 661/2764/661 855/1387/855 856/1388/856
f 20/20/20 1091/724/1091 620/384/620 21/21/21
f 864/540/864 958/1517/958 862/538/862 863/539/863
f 866/1514/866 956/604/956 867/1400/867 868/1401/868
f 120/83/120 869/541/869 79/56/79 121/84/121
f 84/1405/84 870/1404/870 126/1403/126 128/1402/128
f 321/204/321 871/943/871 872/543/872 319/202/319
f 874/2879/874 873/2880/873 324/1407/324 323/1408/323
f 875/544/875 1130/869/1130 355/222/355 354/221/354
f 360/2293/360 1131/2292/1131 876/1412/876 361/1413/361
f 207/132/207 701/432/701 178/546/178 877/547/877
f 183/2137/183 706/2138/706 214/1420/214 878/1421/878
f 302/192/302 125/88/125 404/550/404 880/551/880
f 407/1983/407 130/1982/130 304/1424/304 881/1425/881
f 882/552/882 1165/2039/1165 1/1/1 3/3/3
f 44/2197/44 1069/2198/1069 883/553/883 676/1426/676
f 464/286/464 330/207/330 884/554/884 335/1427/335
f 332/209/332 135/657/135 885/555/885 330/207/330
f 859/536/859 364/227/364 363/226/363 624/1429/624
f 366/2020/366 367/2021/367 860/1431/860 622/385/622
f 99/72/99 960/2735/960 886/1432/886 595/1433/595
f 887/556/887 758/2093/758 48/1434/48 47/1435/47
f 795/494/795 792/491/792 515/1436/515 514/318/514
f 42/36/42 755/462/755 888/1437/888 40/34/40
f 761/2310/761 253/160/253 262/168/262 308/1438/308
f 761/2175/761 96/69/96 251/158/251 253/160/253
f 458/281/458 322/205/322 34/1439/34 457/280/457
f 16/16/16 326/1585/326 460/1440/460 459/1441/459
f 306/195/306 1169/2914/1169 723/559/723 29/1445/29
f 721/561/721 1169/2099/1169 306/195/306 722/560/722
f 26/2942/26 894/563/894 607/434/607 708/1446/708
f 893/562/893 69/51/69 610/1447/610 894/563/894
f 851/532/851 850/531/850 158/564/158 160/565/160
f 896/567/896 1127/1908/1127 521/568/521 895/566/895
f 350/392/350 898/570/898 897/569/897 174/117/174
f 630/389/630 897/569/897 898/570/898 352/488/352
f 899/1879/899 900/1878/900 356/1448/356 181/1449/181
f 900/2487/900 899/2488/899 631/1451/631 357/1450/357
f 164/1829/164 854/1828/854 856/1452/856 165/1453/165
f 526/1906/526 1126/761/1126 902/1455/902 901/1454/901
f 24/24/24 194/2049/194 903/571/903 884/572/884
f 904/573/904 1070/798/1070 342/352/342 105/78/105
f 346/2006/346 1072/2007/1072 905/1459/905 111/1460/111
f 908/576/908 1139/1920/1139 906/574/906 907/575/907
f 910/578/910 1139/1921/1139 911/579/911 909/577/909
f 913/1922/913 1140/1923/1140 914/1465/914 912/1464/912
f 917/1924/917 1140/1925/1140 915/1466/915 916/1467/916
f 170/113/170 172/115/172 918/580/918 919/581/919
f 168/111/168 1142/775/1142 920/582/920 641/397/641
f 923/1891/923 1082/1892/1082 921/1468/921 922/1469/922
f 924/583/924 973/613/973 923/1471/923 922/1470/922
f 302/192/302 56/44/56 123/86/123 125/88/125
f 129/2376/129 63/2377/63 304/1472/304 130/1473/130
f 175/118/175 711/437/711 311/199/311 173/116/173
f 713/842/713 178/121/178 177/120/177 714/439/714
f 314/2729/314 716/2728/716 180/1481/180 179/1480/179
f 184/2185/184 183/2186/183 719/1482/719 718/1483/718
f 928/587/928 1104/737/1104 926/585/926 927/586/927
f 92/65/92 1198/849/1198 246/153/246 93/66/93
f 934/591/934 1179/2139/1179 935/592/935 933/590/933
f 936/593/936 1179/2140/1179 937/594/937 938/595/938
f 940/2141/940 1180/2142/1180 941/1490/941 939/1489/939
f 944/2144/944 1180/2143/1180 942/1491/942 943/1492/943
f 677/418/677 1151/787/1151 945/596/945 946/597/946
f 948/1950/948 1153/1949/1153 678/1495/678 947/1494/947
f 638/504/638 187/2112/187 949/1497/949 950/1498/950
f 638/1773/638 950/720/950 951/1499/951 639/1500/639
f 383/236/383 1030/1636/1030 952/1501/952 668/598/668
f 708/599/708 606/2446/606 563/348/563 27/1502/27
f 953/2976/953 619/383/619 618/382/618 709/1507/709
f 635/2313/635 632/2314/632 95/68/95 30/27/30
f 895/566/895 520/600/520 519/321/519 896/567/896
f 522/601/522 284/2163/284 519/321/519 520/600/520
f 523/1887/523 524/1888/524 901/1508/901 902/1509/902
f 523/2166/523 279/181/279 525/1511/525 524/1510/524
f 843/602/843 693/2987/693 97/70/97 563/348/563
f 959/1889/959 960/1890/960 794/493/794 925/584/925
f 959/2556/959 1099/843/1099 886/1519/886 960/1518/960
f 961/2952/961 561/346/561 560/345/560 962/605/962
f 9/9/9 8/8/8 693/1520/693 621/1521/621
f 270/176/270 103/76/103 60/48/60 271/177/271
f 271/177/271 60/48/60 963/606/963 736/450/736
f 65/2924/65 108/2925/108 274/1522/274 276/1523/276
f 964/1728/964 65/1729/65 276/1525/276 739/1524/739
f 310/610/310 502/632/502 966/608/966 965/609/965
f 968/1597/968 506/1598/506 313/1528/313 967/1529/967
f 442/611/442 535/1668/535 439/269/439 746/1530/746
f 445/1666/445 538/671/538 447/1533/447 742/453/742
f 644/401/644 971/612/971 218/137/218 645/402/645
f 971/612/971 1101/732/1101 508/315/508 218/137/218
f 224/1715/224 972/1716/972 649/1541/649 648/1542/648
f 511/2771/511 1102/2772/1102 972/1544/972 224/1543/224
f 924/583/924 1157/2548/1157 450/274/450 973/613/973
f 186/2876/186 1161/801/1161 697/428/697 974/614/974
f 932/2579/932 122/85/122 60/48/60 59/47/59
f 402/615/402 931/1934/931 932/1545/932 403/616/403
f 65/2587/65 127/2586/127 930/589/930 66/1546/66
f 930/589/930 929/588/929 406/1547/406 408/1548/408
f 690/424/690 975/617/975 80/57/80 467/289/467
f 453/278/453 1007/2517/1007 975/617/975 454/279/454
f 86/2529/86 976/2528/976 691/1549/691 471/1550/471
f 976/2514/976 1006/637/1006 455/1551/455 456/1552/456
f 693/2390/693 250/885/250 692/1554/692 21/21/21
f 977/618/977 978/619/978 734/1555/734 378/1556/378
f 977/618/977 377/2753/377 497/1557/497 978/619/978
f 729/449/729 980/2458/980 979/1558/979 373/234/373
f 496/307/496 371/232/371 979/1560/979 980/1559/980
f 386/239/386 331/208/331 487/1561/487 385/238/385
f 198/123/198 808/501/808 2/2/2 981/1562/981
f 984/2100/984 1169/2101/1169 721/441/721 451/275/451
f 985/3006/985 185/3005/185 984/1568/984 451/275/451
f 541/336/541 586/1834/586 585/1573/585 542/337/542
f 750/2628/750 233/146/233 987/623/987 986/622/986
f 582/363/582 581/362/581 545/1574/545 547/1575/547
f 989/2631/989 239/2630/239 748/458/748 988/1576/988
f 340/626/340 627/2434/627 626/1578/626 341/625/341
f 31/28/31 33/30/33 338/1581/338 337/1580/337
f 76/2030/76 1089/722/1089 411/258/411 77/55/77
f 319/202/319 803/500/803 995/629/995 800/497/800
f 414/2032/414 1090/2031/1090 74/53/74 339/1586/339
f 996/1753/996 806/1752/806 323/1588/323 804/1587/804
f 48/2095/48 758/2094/758 397/248/397 997/630/997
f 396/247/396 46/2338/46 997/630/997 397/248/397
f 417/2092/417 755/462/755 42/36/42 998/1589/998
f 998/2340/998 41/35/41 415/1591/415 417/1590/417
f 463/285/463 334/1855/334 602/1592/602 694/1593/694
f 740/2604/740 999/633/999 1000/634/1000 1001/635/1001
f 1004/2602/1004 1002/2603/1002 737/451/737 1003/1601/1003
f 597/2561/597 596/2562/596 259/166/259 258/165/258
f 380/2564/380 516/319/516 518/320/518 327/1603/327
f 1006/637/1006 85/2091/85 273/1605/273 740/1606/740
f 1006/637/1006 976/2530/976 86/1608/86 85/1607/85
f 269/175/269 81/58/81 1007/1609/1007 737/451/737
f 80/57/80 975/617/975 1007/1610/1007 81/58/81
f 674/417/674 1217/879/1217 289/185/289 688/423/688
f 295/2355/295 1218/2356/1218 675/1611/675 689/1612/689
f 1012/642/1012 1014/753/1014 91/640/91 90/641/90
f 1014/644/1014 1121/894/1121 243/150/243 1013/643/1013
f 841/645/841 842/2578/842 1015/646/1015 610/374/610
f 69/51/69 154/103/154 841/1617/841 610/1616/610
f 994/628/994 54/42/54 53/41/53 202/127/202
f 1016/647/1016 1228/905/1228 1017/648/1017 1018/649/1018
f 133/89/133 457/280/457 1019/650/1019 134/90/134
f 1020/1815/1020 459/1816/459 192/1618/192 191/1619/191
f 257/164/257 259/166/259 605/1624/605 604/1623/604
f 334/1629/334 336/1628/336 333/1625/333 257/164/257
f 600/371/600 380/1704/380 329/1626/329 599/370/599
f 328/206/328 332/209/332 331/208/331 329/1627/329
f 1021/652/1021 1051/680/1051 1022/653/1022 1023/654/1023
f 1025/656/1025 267/173/267 530/328/530 1024/655/1024
f 336/1851/336 335/1852/335 903/1630/903 193/1631/193
f 590/660/590 1027/899/1027 587/658/587 670/659/670
f 590/368/590 351/218/351 1026/661/1026 1027/662/1027
f 591/2478/591 1028/2477/1028 594/1632/594 672/1633/672
f 1029/1694/1029 358/1695/358 594/1634/594 1028/1635/1028
f 1033/665/1033 728/448/728 727/447/727 726/666/726
f 733/3013/733 735/3012/735 1035/1643/1035 731/1644/731
f 1037/668/1037 1018/649/1018 1017/648/1017 1036/667/1036
f 171/114/171 170/113/170 680/420/680 679/419/679
f 570/355/570 345/215/345 106/216/106 571/356/571
f 110/1962/110 349/1961/349 575/1656/575 574/1657/574
f 783/486/783 782/485/782 57/59/57 301/670/301
f 62/2793/62 784/2794/784 785/1663/785 303/1664/303
f 731/2445/731 422/261/422 424/263/424 732/1665/732
f 428/2442/428 427/2443/427 726/446/726 725/445/725
f 440/673/440 1044/806/1044 819/509/819 818/508/818
f 536/334/536 830/1690/830 1044/674/1044 440/270/440
f 822/2047/822 1045/2048/1045 444/1672/444 823/1673/823
f 1045/1688/1045 832/685/832 539/1675/539 444/1674/444
f 660/2118/660 849/2119/849 659/1677/659 658/1676/658
f 162/1809/162 855/1810/855 660/1679/660 163/1678/163
f 652/405/652 846/530/846 654/407/654 653/406/653
f 654/407/654 852/533/852 157/106/157 156/105/156
f 949/2068/949 419/2069/419 417/1682/417 1046/675/1046
f 397/248/397 400/251/400 893/562/893 1047/1683/1047
f 1048/676/1048 94/67/94 93/66/93 642/398/642
f 245/678/245 641/397/641 920/582/920 1049/677/1049
f 1050/679/1050 1202/853/1202 1022/653/1022 1051/680/1051
f 188/1947/188 462/1946/462 1055/1686/1055 189/1687/189
f 1057/684/1057 528/326/528 1056/683/1056 205/130/205
f 824/2232/824 1125/2233/1125 539/686/539 832/1689/832
f 536/2227/536 1124/760/1124 820/510/820 830/516/830
f 1034/2748/1034 1058/687/1058 423/262/423 422/261/422
f 1059/688/1059 374/2826/374 1060/689/1060 1058/687/1058
f 429/2745/429 1061/2744/1061 1032/664/1032 427/1691/427
f 1062/2828/1062 368/229/368 1063/1693/1063 1061/1692/1061
f 592/691/592 179/2963/179 358/692/358 593/690/593
f 351/2966/351 173/116/173 589/1697/589 588/1696/588
f 810/502/810 811/503/811 383/236/383 486/299/486
f 1064/693/1064 1065/735/1065 850/531/850 656/409/656
f 1065/694/1065 1064/2916/1064 147/1699/147 146/1700/146
f 854/2918/854 1067/2919/1067 1066/1702/1066 661/1701/661
f 142/98/142 1066/799/1066 1067/1703/1067 140/96/140
f 1068/695/1068 1165/2255/1165 382/1705/382 516/319/516
f 255/162/255 883/553/883 1069/1706/1069 596/1707/596
f 690/424/690 83/277/83 342/696/342 1070/697/1070
f 690/424/690 1070/697/1070 1071/698/1071 975/617/975
f 346/1995/346 87/1996/87 691/1708/691 1072/1709/1072
f 1073/2687/1073 1072/2688/1072 691/1710/691 976/1711/976
f 132/2011/132 387/699/387 384/1713/384 666/1712/666
f 132/2214/132 134/90/134 598/700/598 387/699/387
f 628/387/628 601/2014/601 14/14/14 13/13/13
f 603/2210/603 191/2211/191 14/14/14 601/1714/601
f 89/701/89 91/916/91 1014/644/1014 1013/643/1013
f 845/705/845 431/477/431 147/1719/147 1076/704/1076
f 142/98/142 436/2288/436 848/1721/848 1077/1720/1077
f 643/707/643 646/403/646 1078/708/1078 221/140/221
f 837/521/837 509/523/509 221/710/221 1078/709/1078
f 1079/2106/1079 650/2107/650 647/1725/647 227/1724/227
f 227/2325/227 512/2326/512 839/1727/839 1079/1726/1079
f 122/85/122 738/452/738 963/606/963 60/48/60
f 964/2856/964 741/2857/741 127/1730/127 65/1731/65
f 250/157/250 693/2389/693 633/1736/633 248/155/248
f 633/2311/633 632/2312/632 635/1737/635 248/155/248
f 278/180/278 1080/711/1080 138/94/138 137/93/137
f 145/2958/145 1081/2959/1081 285/1740/285 143/1739/143
f 923/2874/923 1166/2875/1166 67/49/67 1082/1743/1082
f 24/24/24 884/572/884 885/1744/885 22/22/22
f 981/2870/981 1215/2871/1215 1031/1746/1031 198/123/198
f 1031/2717/1031 1030/2718/1030 766/466/766 198/123/198
f 437/2567/437 835/909/835 958/1747/958 864/540/864
f 956/604/956 834/2569/834 433/267/433 867/1749/867
f 802/713/802 337/210/337 411/258/411 803/712/803
f 414/2178/414 341/2179/341 807/1751/807 806/1750/806
f 1083/714/1083 342/212/342 83/61/83 82/60/82
f 103/76/103 345/215/345 1083/714/1083 82/60/82
f 87/1993/87 346/1994/346 1084/1759/1084 88/1760/88
f 1084/2279/1084 349/2278/349 108/1761/108 88/1762/88
f 220/716/220 219/902/219 836/717/836 1085/718/1085
f 838/2496/838 226/2497/226 225/1769/225 1086/1770/1086
f 260/167/260 563/527/563 606/1771/606 261/1772/261
f 190/2988/190 1239/928/1239 1087/719/1087 640/396/640
f 1088/2989/1088 1240/2990/1240 153/102/153 687/1774/687
f 800/721/800 995/2889/995 1089/722/1089 76/1776/76
f 76/1988/76 113/80/113 801/723/801 800/721/800
f 1090/2886/1090 996/946/996 804/1777/804 74/53/74
f 805/1989/805 116/1990/116 74/53/74 804/1778/804
f 150/99/150 100/73/100 709/1779/709 618/382/618
f 1091/724/1091 149/1977/149 858/1780/858 620/384/620
f 1092/726/1092 768/468/768 409/283/409 872/725/872
f 413/2317/413 769/2318/769 1093/1782/1093 874/1781/874
f 1095/728/1095 1150/785/1150 759/463/759 554/1788/554
f 760/1966/760 1152/1967/1152 1097/1790/1097 549/340/549
f 115/82/115 992/627/992 667/1791/667 32/29/32
f 15/15/15 993/2371/993 119/1793/119 118/1794/118
f 877/547/877 178/546/178 713/545/713 210/135/210
f 719/2187/719 183/2188/183 878/1797/878 217/1798/217
f 417/2070/417 70/2071/70 72/1801/72 755/462/755
f 72/2400/72 752/2401/752 753/460/753 755/462/755
f 12/12/12 11/11/11 397/248/397 758/1802/758
f 757/2404/757 663/410/663 12/12/12 758/1803/758
f 583/2686/583 586/2685/586 231/144/231 230/143/230
f 583/2320/583 234/228/234 584/1805/584 586/1804/586
f 238/2683/238 581/362/581 579/360/579 236/1806/236
f 580/361/580 241/2319/241 579/360/579 581/362/581
f 25/2545/25 1098/2546/1098 396/247/396 398/249/398
f 162/2127/162 318/2128/318 856/1812/856 855/1811/855
f 851/532/851 316/201/316 157/106/157 852/533/852
f 415/2542/415 1091/724/1091 20/20/20 416/1813/416
f 38/729/38 1019/650/1019 457/280/457 34/1814/34
f 459/2449/459 1020/2450/1020 43/1817/43 16/16/16
f 258/165/258 756/870/756 1099/730/1099 597/1818/597
f 959/731/959 256/163/256 597/1819/597 1099/730/1099
f 1100/2299/1100 754/2300/754 327/1820/327 518/320/518
f 518/320/518 517/2374/517 793/1821/793 1100/1822/1100
f 1101/732/1101 971/612/971 1074/733/1074 510/522/510
f 1075/2721/1075 972/2722/972 1102/1826/1102 513/1825/513
f 95/68/95 632/1827/632 251/158/251 96/69/96
f 146/734/146 158/564/158 850/531/850 1065/735/1065
f 854/2622/854 164/2623/164 140/1830/140 1067/1831/1067
f 882/552/882 3/3/3 676/1835/676 883/553/883
f 928/587/928 1234/915/1234 1103/736/1103 1104/737/1104
f 1105/738/1105 1162/802/1162 1106/739/1106 1057/684/1057
f 499/308/499 311/310/311 177/741/177 176/740/176
f 184/1997/184 314/1998/314 503/1839/503 182/1838/182
f 671/416/671 500/309/500 1109/743/1109 1110/744/1110
f 671/745/671 1110/2638/1110 310/198/310 311/199/311
f 1111/1980/1111 504/1981/504 673/1845/673 1112/1846/1112
f 313/2635/313 1112/924/1112 673/1848/673 314/1847/314
f 257/164/257 604/2062/604 602/1853/602 334/1854/334
f 386/239/386 599/370/599 329/1856/329 331/208/331
f 1060/689/1060 498/2146/498 1113/746/1113 812/747/812
f 498/2510/498 497/2511/497 1114/748/1114 1113/746/1113
f 1115/2149/1115 495/306/495 1062/1857/1062 814/1858/814
f 1116/2508/1116 496/307/496 495/306/495 1115/1859/1115
f 496/307/496 1116/2509/1116 425/1860/425 371/232/371
f 1116/749/1116 1115/2399/1115 426/1861/426 425/1862/425
f 421/2512/421 1114/748/1114 497/1863/497 377/1864/377
f 420/260/420 1113/886/1113 1114/1865/1114 421/1866/421
f 464/286/464 5/5/5 1118/1868/1118 1117/1867/1117
f 918/580/918 1253/948/1253 773/472/773 919/581/919
f 267/173/267 1025/656/1025 1119/750/1119 268/174/268
f 954/2229/954 97/70/97 7/7/7 564/1870/564
f 619/383/619 561/346/561 961/1872/961 617/381/617
f 169/112/169 641/397/641 245/678/245 247/751/247
f 378/2451/378 730/895/730 732/754/732 379/1873/379
f 424/263/424 813/855/813 1122/755/1122 732/1874/732
f 725/2453/725 724/2454/724 373/234/373 372/233/372
f 1123/2237/1123 815/2236/815 428/1875/428 725/445/725
f 533/331/533 879/548/879 264/170/264 531/329/531
f 879/548/879 533/331/533 1056/683/1056 528/326/528
f 646/758/646 643/400/643 645/402/645 391/757/391
f 648/2108/648 647/2109/647 650/1882/650 395/1883/395
f 960/2736/960 99/72/99 98/71/98 794/493/794
f 1124/760/1124 536/2440/536 831/517/831 534/332/534
f 1124/760/1124 534/332/534 441/271/441 818/508/818
f 833/2437/833 539/686/539 1125/1894/1125 537/1895/537
f 448/2760/448 537/2759/537 1125/1897/1125 823/1896/823
f 615/379/615 1251/945/1251 1048/676/1048 642/398/642
f 265/171/265 264/170/264 879/548/879 527/325/527
f 864/540/864 863/539/863 861/537/861 657/1898/657
f 865/2554/865 868/2553/868 867/1900/867 651/404/651
f 1003/2515/1003 1007/2516/1007 453/278/453 765/1904/765
f 455/2513/455 1006/637/1006 1001/635/1001 764/465/764
f 526/763/526 799/2243/799 317/1907/317 1126/762/1126
f 315/200/315 797/856/797 521/1909/521 1127/1910/1127
f 1052/681/1052 1053/682/1053 612/376/612 1128/764/1128
f 897/569/897 355/391/355 1130/766/1130 174/117/174
f 1130/766/1130 875/867/875 209/134/209 174/117/174
f 1131/2294/1131 360/2295/360 899/1912/899 181/1911/181
f 215/2284/215 876/2285/876 1131/1914/1131 181/1913/181
f 1133/768/1133 1170/814/1170 1134/769/1134 1132/767/1132
f 1135/770/1135 1171/815/1171 1136/771/1136 1137/772/1137
f 623/773/623 860/800/860 367/1917/367 240/1916/240
f 364/535/364 859/2022/859 625/1918/625 235/148/235
f 720/440/720 722/442/722 1138/1919/1138 154/103/154
f 1138/2904/1138 722/560/722 306/195/306 305/194/305
f 1025/656/1025 1222/896/1222 1023/654/1023 1022/653/1022
f 775/474/775 1189/835/1189 919/581/919 773/472/773
f 775/474/775 1232/913/1232 1141/774/1141 1142/775/1142
f 823/2666/823 444/2667/444 825/1930/825 744/455/744
f 823/2757/823 744/455/744 449/1931/449 448/1932/448
f 821/511/821 440/673/440 818/508/818 747/1933/747
f 443/273/443 747/2756/747 818/508/818 441/271/441
f 1143/779/1143 1225/904/1225 1144/780/1144 550/341/550
f 947/2805/947 678/2806/678 1143/779/1143 1145/781/1145
f 1147/2985/1147 1227/2984/1227 1146/1937/1146 556/1938/556
f 1146/2808/1146 677/418/677 946/597/946 1148/1939/1148
f 1149/782/1149 1191/840/1191 202/127/202 53/41/53
f 710/436/710 712/811/712 714/783/714 711/437/711
f 177/784/177 311/199/311 711/437/711 714/783/714
f 718/2084/718 717/2083/717 715/1940/715 716/1941/716
f 716/1999/716 314/2000/314 184/1943/184 718/1942/718
f 1054/2576/1054 1055/910/1055 462/1945/462 638/1944/638
f 559/2821/559 558/2822/558 1150/785/1150 945/786/945
f 1152/2818/1152 551/342/551 553/344/553 948/1948/948
f 753/788/753 135/657/135 332/209/332 328/206/328
f 327/2297/327 754/2298/754 753/788/753 328/206/328
f 757/2296/757 756/870/756 258/165/258 333/1951/333
f 336/2217/336 193/2216/193 757/1953/757 333/1952/333
f 957/2951/957 141/789/141 166/1954/166 862/538/862
f 141/789/141 140/2624/140 164/1955/164 166/1956/166
f 159/108/159 148/2950/148 955/603/955 866/1957/866
f 158/107/158 146/920/146 148/1958/148 159/108/159
f 1154/790/1154 1186/831/1186 1155/791/1155 1156/792/1156
f 343/213/343 1083/714/1083 345/215/345 570/355/570
f 349/2161/349 1084/2160/1084 348/1959/348 575/1960/575
f 924/583/924 695/426/695 697/428/697 1157/1963/1157
f 197/3014/197 676/3015/676 3/3/3 808/501/808
f 890/794/890 889/930/889 34/1971/34 36/1972/36
f 112/2349/112 1215/877/1215 890/794/890 36/1973/36
f 16/16/16 891/2706/891 892/1974/892 17/17/17
f 892/2351/892 1216/2352/1216 75/54/75 17/17/17
f 1098/2043/1098 709/2044/709 100/73/100 101/74/101
f 46/2544/46 396/247/396 1098/1975/1098 101/74/101
f 1091/724/1091 415/2543/415 41/35/41 149/1976/149
f 203/128/203 205/130/205 50/38/50 49/37/49
f 502/312/502 1109/2675/1109 500/795/500 499/313/499
f 504/2674/504 1111/929/1111 506/1979/506 503/1978/503
f 1158/797/1158 320/2947/320 801/723/801 113/80/113
f 805/2945/805 325/950/325 1159/1991/1159 116/1992/116
f 1071/698/1071 1220/888/1220 454/279/454 975/617/975
f 456/2413/456 1221/2414/1221 1073/2005/1073 976/2004/976
f 1066/3017/1066 281/183/281 857/2016/857 661/2015/661
f 853/534/853 288/3020/288 1064/693/1064 656/409/656
f 733/2452/733 730/803/730 378/2027/378 734/2028/734
f 373/234/373 724/2455/724 727/447/727 729/449/729
f 1089/2890/1089 995/629/995 803/712/803 411/258/411
f 806/2887/806 996/2888/996 1090/2033/1090 414/2034/414
f 624/2036/624 363/226/363 763/2035/763 362/224/362
f 762/464/762 366/2038/366 622/385/622 365/2037/365
f 1165/2199/1165 1068/695/1068 37/31/37 1/1/1
f 484/2814/484 1010/2815/1010 297/2040/297 485/2041/485
f 290/186/290 1008/638/1008 480/298/480 479/297/479
f 23/23/23 195/2324/195 194/2050/194 24/24/24
f 4/4/4 486/299/486 1118/2051/1118 5/5/5
f 31/28/31 991/2052/991 114/81/114 32/29/32
f 117/2055/117 990/624/990 626/2053/626 118/2054/118
f 573/2700/573 347/2701/347 970/807/970 572/808/572
f 572/808/572 1041/2518/1041 574/2056/574 573/2057/573
f 969/2703/969 344/214/344 569/354/569 568/2058/568
f 571/356/571 1040/2522/1040 568/2059/568 569/354/569
f 868/2552/868 865/2551/865 1081/2063/1081 145/2064/145
f 1080/711/1080 861/537/861 863/539/863 138/94/138
f 1155/791/1155 52/40/52 507/314/507 1005/636/1005
f 700/809/700 353/390/353 786/487/786 208/133/208
f 208/133/208 207/132/207 698/810/698 700/809/700
f 789/2129/789 359/2130/359 704/2073/704 213/2072/213
f 703/2524/703 214/2525/214 213/2074/213 704/2075/704
f 232/145/232 543/338/543 540/335/540 230/143/230
f 544/2620/544 546/2621/546 237/2077/237 236/2078/236
f 120/83/120 401/252/401 566/350/566 469/291/469
f 468/290/468 869/541/869 120/83/120 469/291/469
f 567/2663/567 405/2664/405 126/2086/126 475/2085/475
f 126/2573/126 870/2572/870 473/2087/473 475/2088/475
f 245/152/245 1049/677/1049 1168/813/1168 1167/812/1167
f 736/450/736 963/606/963 738/452/738 121/84/121
f 741/2858/741 964/2859/964 739/2102/739 128/2103/128
f 619/383/619 953/2977/953 562/347/562 561/346/561
f 1172/816/1172 1222/896/1222 1025/656/1025 1173/817/1173
f 264/170/264 829/515/829 1174/818/1174 1175/819/1175
f 1057/684/1057 205/130/205 493/304/493 1105/738/1105
f 576/357/576 1176/893/1176 90/63/90 982/620/982
f 1177/822/1177 165/2831/165 856/2126/856 318/2125/318
f 851/532/851 160/565/160 1178/2134/1178 316/201/316
f 707/2677/707 212/2678/212 214/2135/214 706/2136/706
f 207/132/207 206/131/206 702/433/702 701/432/701
f 383/236/383 811/503/811 489/301/489 1030/2147/1030
f 765/3004/765 104/77/104 1004/824/1004 1003/2150/1003
f 1000/3002/1000 109/3003/109 764/465/764 1001/635/1001
f 658/2962/658 1080/711/1080 278/180/278 163/2156/163
f 285/2960/285 1081/2961/1081 653/406/653 156/105/156
f 1038/825/1038 143/2813/143 284/2162/284 522/601/522
f 279/181/279 137/93/137 1039/2164/1039 525/2165/525
f 770/469/770 827/513/827 826/512/826 1181/826/1181
f 1183/828/1183 1181/826/1181 774/473/774 1182/827/1182
f 555/2957/555 1094/727/1094 1184/829/1184 1147/2167/1147
f 1185/2954/1185 1096/2953/1096 548/339/548 1144/780/1144
f 1187/832/1187 1024/655/1024 1186/831/1186 1154/790/1154
f 781/484/781 1164/805/1164 1133/768/1133 1132/767/1132
f 1136/771/1136 1163/804/1163 776/479/776 1137/772/1137
f 990/624/990 807/925/807 341/625/341 626/2177/626
f 337/2649/337 802/2648/802 991/2180/991 31/28/31
f 1189/835/1189 1142/775/1142 168/833/168 1188/834/1188
f 888/2193/888 795/494/795 514/318/514 40/34/40
f 595/2190/595 886/2191/886 887/556/887 47/2181/47
f 766/837/766 1030/2716/1030 489/301/489 488/300/488
f 577/358/577 982/620/982 89/62/89 1190/838/1190
f 89/701/89 1013/643/1013 242/149/242 1190/839/1190
f 810/502/810 486/299/486 4/4/4 809/2183/809
f 1192/841/1192 1252/947/1252 679/419/679 1191/840/1191
f 887/556/887 886/2557/886 1099/843/1099 756/2192/756
f 1100/2558/1100 795/494/795 888/2194/888 754/461/754
f 1194/845/1194 1254/952/1254 1195/846/1195 1193/844/1193
f 1193/844/1193 771/470/771 1196/847/1196 1194/845/1194
f 605/2668/605 1069/2669/1069 44/2196/44 43/2195/43
f 37/31/37 1068/695/1068 600/371/600 38/32/38
f 920/582/920 1142/775/1142 1141/774/1141 1049/677/1049
f 1141/774/1141 1232/913/1232 616/380/616 1049/677/1049
f 123/86/123 681/421/681 470/292/470 816/507/816
f 470/292/470 566/350/566 401/252/401 816/507/816
f 474/2471/474 683/2472/683 129/2202/129 817/2203/817
f 405/2661/405 567/2662/567 474/2205/474 817/2204/817
f 176/119/176 702/433/702 206/131/206 499/313/499
f 212/2679/212 707/2680/707 182/2207/182 503/2206/503
f 1198/849/1198 92/65/92 1199/850/1199 1197/848/1197
f 1162/802/1162 1105/738/1105 1198/849/1198 1197/848/1197
f 603/2447/603 43/2448/43 1020/2213/1020 191/2212/191
f 1019/650/1019 38/729/38 598/700/598 134/90/134
f 1200/851/1200 826/512/826 1201/852/1201 1052/681/1052
f 98/71/98 515/2737/515 792/491/792 794/493/794
f 98/71/98 150/99/150 858/2221/858 515/2220/515
f 263/169/263 1249/942/1249 1050/679/1050 1051/680/1051
f 423/262/423 1058/687/1058 813/855/813 424/263/424
f 815/2746/815 1061/2747/1061 429/2235/429 428/2234/428
f 143/2812/143 1038/825/1038 797/856/797 315/200/315
f 950/857/950 634/393/634 640/396/640 1087/719/1087
f 687/2241/687 686/2240/686 894/2238/894 1088/2239/1088
f 799/2810/799 1039/2811/1039 137/93/137 317/2242/317
f 907/575/907 909/2332/909 911/858/911 908/576/908
f 917/2329/917 916/872/916 912/2249/912 914/2248/914
f 1207/861/1207 1250/944/1250 1205/859/1205 1206/860/1206
f 1208/862/1208 611/375/611 1206/860/1206 1205/859/1205
f 381/235/381 882/552/882 883/553/883 255/162/255
f 1165/2503/1165 882/552/882 381/235/381 382/2256/382
f 280/182/280 847/2777/847 849/2257/849 662/2258/662
f 857/3016/857 281/183/281 280/182/280 662/2259/662
f 846/530/846 844/528/844 286/2260/286 655/408/655
f 286/3018/286 288/3019/288 853/534/853 655/408/655
f 1032/664/1032 368/229/368 370/231/370 728/663/728
f 370/776/370 980/2971/980 1209/865/1209 728/448/728
f 375/2334/375 374/2335/374 1034/2268/1034 735/2269/735
f 1210/2968/1210 978/619/978 375/2270/375 735/2271/735
f 740/2273/740 276/2274/276 275/2272/275 999/633/999
f 272/178/272 271/177/271 737/451/737 1002/2275/1002
f 354/868/354 210/135/210 209/134/209 875/867/875
f 215/2412/215 217/2411/217 361/2286/361 876/2287/876
f 202/127/202 1191/840/1191 578/359/578 200/125/200
f 150/99/150 618/382/618 620/384/620 858/2291/858
f 465/287/465 335/2906/335 463/285/463 6/6/6
f 487/2913/487 330/207/330 1117/2303/1117 1118/2302/1118
f 472/2469/472 129/2470/129 683/2306/683 684/2307/684
f 473/2571/473 870/2570/870 472/2308/472 684/2309/684
f 681/421/681 123/86/123 466/288/466 682/422/682
f 466/288/466 869/541/869 468/290/468 682/422/682
f 768/468/768 1092/726/1092 458/281/458 133/89/133
f 460/2938/460 1093/2939/1093 769/2316/769 192/2315/192
f 582/363/582 748/889/748 1211/871/1211 580/361/580
f 1212/2432/1212 750/2433/750 585/2321/585 584/2322/584
f 916/872/916 915/2460/915 913/2331/913 912/2330/912
f 906/574/906 910/898/910 909/2333/909 907/575/907
f 1034/2825/1034 374/2824/374 1059/688/1059 1058/687/1058
f 1063/2827/1063 368/229/368 1032/664/1032 1061/2336/1061
f 1213/873/1213 1244/936/1244 778/481/778 777/480/777
f 779/482/779 1245/937/1245 1214/874/1214 780/483/780
f 59/47/59 301/191/301 880/549/880 403/254/403
f 881/2476/881 303/2475/303 66/2344/66 408/2345/408
f 751/2531/751 542/337/542 986/875/986 987/876/987
f 988/2533/988 547/2534/547 749/459/749 989/2348/989
f 112/2783/112 78/2782/78 1031/878/1031 1215/877/1215
f 199/2785/199 73/52/73 75/54/75 1216/2350/1216
f 942/881/942 940/2593/940 939/2357/939 943/880/943
f 941/2418/941 944/2417/944 943/880/943 939/2358/939
f 933/590/933 935/592/935 936/2360/936 938/2359/938
f 938/2423/938 937/2422/937 934/591/934 933/590/933
f 50/38/50 205/130/205 1056/683/1056 533/331/533
f 1031/878/1031 78/2781/78 77/55/77 952/882/952
f 339/2784/339 73/52/73 199/2365/199 767/2364/767
f 890/558/890 1215/2872/1215 981/2366/981 39/33/39
f 196/122/196 1216/940/1216 892/2367/892 45/2368/45
f 925/883/925 254/161/254 256/163/256 959/731/959
f 517/2547/517 254/161/254 925/883/925 793/2375/793
f 1190/838/1190 983/621/983 200/125/200 577/358/577
f 492/303/492 983/702/983 1190/839/1190 242/149/242
f 152/101/152 841/524/841 305/2385/305 308/2386/308
f 685/2909/685 1108/2908/1108 152/101/152 308/2387/308
f 1219/884/1219 1246/938/1246 927/586/927 926/585/926
f 29/26/29 462/2929/462 188/2388/188 30/27/30
f 188/2905/188 1107/742/1107 636/394/636 30/27/30
f 26/2867/26 398/249/398 1047/2391/1047 894/563/894
f 1046/675/1046 416/2868/416 19/19/19 950/2393/950
f 72/2468/72 696/427/696 1160/2402/1160 752/2403/752
f 664/411/664 921/2466/921 12/12/12 663/410/663
f 501/311/501 590/660/590 670/659/670 966/631/966
f 589/367/589 965/609/965 966/608/966 670/415/670
f 672/2891/672 594/2892/594 505/2405/505 968/2406/968
f 968/2616/968 967/2617/967 592/2408/592 672/2407/672
f 699/887/699 877/547/877 210/135/210 354/868/354
f 217/2750/217 878/2749/878 705/2409/705 361/2410/361
f 1220/888/1220 904/573/904 105/78/105 454/279/454
f 111/2935/111 905/2934/905 1221/2415/1221 456/2416/456
f 974/614/974 71/2776/71 418/2426/418 186/2427/186
f 71/2884/71 70/2885/70 419/2428/419 418/2429/418
f 399/250/399 10/10/10 1082/2430/1082 67/49/67
f 400/251/400 11/11/11 10/10/10 399/250/399
f 547/2535/547 988/2536/988 748/889/748 582/363/582
f 750/2532/750 986/875/986 542/337/542 585/2431/585
f 338/2801/338 33/30/33 668/890/668 952/882/952
f 629/388/629 627/2803/627 340/2436/340 767/2435/767
f 427/3009/427 728/663/728 1033/891/1033 726/446/726
f 1035/3010/1035 735/3011/735 422/261/422 731/2444/731
f 167/892/167 1176/893/1176 576/357/576 680/420/680
f 243/150/243 1121/894/1121 247/154/247 246/153/246
f 1172/816/1172 1235/918/1235 1223/897/1223 1222/896/1222
f 529/327/529 266/172/266 1149/782/1149 53/41/53
f 664/411/664 665/412/665 922/2464/922 921/2465/921
f 695/426/695 665/412/665 1160/2467/1160 696/427/696
f 1027/900/1027 1026/911/1026 588/366/588 587/365/587
f 593/2597/593 1029/2596/1029 1028/2480/1028 591/2479/591
f 153/102/153 1240/2660/1240 609/373/609 608/372/608
f 608/372/608 840/2601/840 151/100/151 153/102/153
f 951/2657/951 1239/928/1239 190/2481/190 639/2482/639
f 189/2600/189 637/395/637 639/2484/639 190/2483/190
f 1224/903/1224 760/2640/760 1185/2498/1185 1144/780/1144
f 1143/779/1143 678/2807/678 552/343/552 1225/904/1225
f 1184/829/1184 759/463/759 1226/2499/1226 1147/2500/1147
f 557/2809/557 677/418/677 1146/2501/1146 1227/2502/1227
f 18/18/18 116/2506/116 1159/2504/1159 873/2505/873
f 1158/797/1158 113/80/113 35/2507/35 871/542/871
f 703/2751/703 705/2752/705 878/2527/878 214/2526/214
f 877/547/877 699/887/699 698/810/698 207/132/207
f 697/428/697 1161/801/1161 985/2550/985 1157/2549/1157
f 1017/648/1017 1228/905/1228 266/172/266 1036/667/1036
f 1228/905/1228 1016/647/1016 1229/906/1229 1149/782/1149
f 1138/2931/1138 305/194/305 841/2555/841 154/103/154
f 665/412/665 695/426/695 924/583/924 922/2560/922
f 1036/667/1036 1247/939/1247 1230/907/1230 1037/668/1037
f 1231/908/1231 1252/947/1252 679/419/679 171/114/171
f 1069/2670/1069 605/2671/605 259/166/259 596/2563/596
f 380/2676/380 600/371/600 1068/695/1068 516/319/516
f 835/909/835 141/789/141 957/2566/957 958/2565/958
f 955/603/955 148/2949/148 834/2568/834 956/604/956
f 637/395/637 189/2599/189 1055/2574/1055 1054/2575/1054
f 842/525/842 151/100/151 840/2577/840 1015/646/1015
f 1198/849/1198 1105/738/1105 244/151/244 243/150/243
f 389/242/389 508/315/508 1101/732/1101 837/521/837
f 1102/2769/1102 511/2770/511 394/2584/394 839/2585/839
f 528/326/528 1234/915/1234 928/587/928 927/586/927
f 1106/739/1106 1103/736/1103 1234/915/1234 1057/684/1057
f 222/917/222 1074/733/1074 971/612/971 644/401/644
f 972/2719/972 1075/2720/1075 229/2612/229 649/2611/649
f 1175/819/1175 1174/818/1174 1235/918/1235 1236/919/1236
f 94/67/94 1243/935/1243 1237/921/1237 527/325/527
f 1238/922/1238 1242/934/1242 172/115/172 268/174/268
f 505/2893/505 594/2894/594 1204/923/1204 312/2627/312
f 1203/2895/1203 590/660/590 501/311/501 309/197/309
f 506/2672/506 1111/2673/1111 1112/2637/1112 313/2636/313
f 1110/744/1110 1109/743/1109 502/632/502 310/610/310
f 1096/2955/1096 1185/2956/1185 760/2639/760 549/340/549
f 759/463/759 1184/829/1184 1094/727/1094 554/2641/554
f 452/276/452 1166/2873/1166 923/2642/923 973/613/973
f 391/245/391 220/716/220 1085/718/1085 388/246/388
f 1086/2789/1086 225/2790/225 395/2646/395 392/2647/392
f 119/2834/119 412/2835/412 807/925/807 990/624/990
f 802/2836/802 410/282/410 115/82/115 991/2650/991
f 458/281/458 1092/726/1092 872/725/872 322/205/322
f 874/2937/874 1093/2936/1093 460/2655/460 326/2654/326
f 1087/927/1087 1239/953/1239 951/2656/951 950/720/950
f 609/373/609 1240/2991/1240 1088/2659/1088 894/2658/894
f 168/833/168 167/892/167 680/420/680 1188/834/1188
f 1135/770/1135 1137/772/1137 1132/767/1132 1134/769/1134
f 1170/814/1170 1171/815/1171 1135/770/1135 1134/769/1134
f 1073/2932/1073 1221/2933/1221 905/2690/905 1072/2689/1072
f 904/573/904 1220/888/1220 1071/698/1071 1070/798/1070
f 659/2850/659 435/2851/435 434/2691/434 657/2692/657
f 430/264/430 432/266/432 652/405/652 651/404/651
f 781/484/781 1132/767/1132 1137/772/1137 776/479/776
f 776/479/776 778/481/778 779/482/779 781/484/781
f 785/2791/785 784/2792/784 107/2698/107 64/2699/64
f 102/75/102 782/485/782 783/486/783 58/46/58
f 461/3007/461 984/3008/984 185/2709/185 187/2710/187
f 723/443/723 1169/2915/1169 984/2711/984 461/2712/461
f 564/2852/564 1120/2853/1120 953/2723/953 565/349/565
f 612/376/612 1255/954/1255 1241/931/1241 1128/764/1128
f 1208/862/1208 1255/954/1255 612/376/612 611/375/611
f 1178/932/1178 160/109/160 796/495/796 315/200/315
f 798/2829/798 165/2830/165 1177/2733/1177 317/2734/317
f 1238/922/1238 771/470/771 1193/844/1193 1242/934/1242
f 1119/750/1119 1022/653/1022 772/471/772 771/470/771
f 1206/860/1206 611/375/611 1237/921/1237 1243/935/1243
f 613/377/613 263/169/263 265/171/265 611/375/611
f 1183/828/1183 1256/955/1256 770/469/770 1181/826/1181
f 770/469/770 1256/955/1256 1196/847/1196 771/470/771
f 280/182/280 282/184/282 1077/2778/1077 847/2779/847
f 1076/706/1076 287/2979/287 286/2780/286 844/528/844
f 283/2902/283 156/105/156 155/104/155 519/321/519
f 161/2899/161 163/2900/163 277/179/277 523/2795/523
f 617/381/617 962/605/962 9/9/9 621/2799/621
f 1223/897/1223 829/515/829 828/514/828 1021/652/1021
f 263/169/263 1051/680/1051 1021/652/1021 828/514/828
f 720/440/720 68/50/68 452/276/452 451/275/451
f 1223/897/1223 1021/652/1021 1023/654/1023 1222/896/1222
f 1171/815/1171 1170/814/1170 1133/768/1133 1136/771/1136
f 1133/768/1133 1164/805/1164 1163/804/1163 1136/771/1136
f 1173/817/1173 1236/919/1236 1235/918/1235 1172/816/1172
f 1175/819/1175 1187/832/1187 531/329/531 264/170/264
f 1187/832/1187 1154/790/1154 532/330/532 531/329/531
f 927/586/927 1246/938/1246 92/65/92 528/326/528
f 1219/884/1219 1199/850/1199 92/65/92 1246/938/1246
f 171/114/171 1247/939/1247 1036/667/1036 266/172/266
f 171/114/171 1231/908/1231 1230/907/1230 1247/939/1247
f 52/40/52 1155/791/1155 1186/831/1186 530/328/530
f 962/605/962 560/345/560 7/7/7 9/9/9
f 7/7/7 560/345/560 1120/2855/1120 564/2854/564
f 1163/804/1163 1164/805/1164 780/483/780 777/480/777
f 780/483/780 1214/874/1214 1213/873/1213 777/480/777
f 1248/941/1248 1249/942/1249 1052/681/1052 1201/852/1201
f 1249/942/1249 263/169/263 613/377/613 1052/681/1052
f 320/203/320 1158/2948/1158 871/943/871 321/204/321
f 1251/945/1251 615/379/615 1129/765/1129 1250/944/1250
f 873/2946/873 1159/951/1159 325/2878/325 324/2877/324
f 1244/936/1244 1245/937/1245 779/482/779 778/481/778
f 1230/907/1230 1231/908/1231 1252/947/1252 1037/668/1037
f 1252/947/1252 1192/841/1192 1018/649/1018 1037/668/1037
f 1176/821/1176 167/110/167 169/112/169 1012/642/1012
f 169/112/169 247/751/247 1121/752/1121 1012/642/1012
f 1248/941/1248 1201/852/1201 826/512/826 1202/853/1202
f 772/471/772 1022/653/1022 1202/853/1202 826/512/826
f 1016/647/1016 1018/649/1018 1192/841/1192 1229/906/1229
f 1251/945/1251 1207/861/1207 94/67/94 1048/676/1048
f 172/115/172 1195/846/1195 1253/948/1253 918/580/918
f 1144/780/1144 1225/904/1225 552/343/552 1224/903/1224
f 1128/764/1128 614/378/614 1233/914/1233 1200/851/1200
f 1241/931/1241 1129/765/1129 614/378/614 1128/764/1128
f 557/2983/557 1227/2982/1227 1147/2920/1147 1226/2921/1226
f 249/156/249 248/155/248 634/393/634 950/857/950
f 686/2992/686 261/2993/261 607/2943/607 894/2944/894
f 1024/655/1024 1187/832/1187 1173/817/1173 1025/656/1025
f 1154/790/1154 1156/792/1156 51/39/51 532/330/532
f 1181/826/1181 1200/851/1200 1233/914/1233 774/473/774
f 1174/818/1174 829/515/829 1223/897/1223 1235/918/1235
f 1119/750/1119 771/470/771 1238/922/1238 268/174/268
f 265/171/265 527/325/527 1237/921/1237 611/375/611
f 1162/802/1162 1104/737/1104 1103/736/1103 1106/739/1106
f 1236/919/1236 1173/817/1173 1187/832/1187 1175/819/1175
f 1178/2997/1178 1127/2996/1127 896/567/896 316/201/316
f 902/3000/902 1126/761/1126 1177/822/1177 318/2973/318
f 1219/884/1219 926/585/926 1197/848/1197 1199/850/1199
f 1245/937/1245 1244/936/1244 1213/873/1213 1214/874/1214
f 1168/813/1168 642/398/642 93/66/93 1167/812/1167
f 170/113/170 919/581/919 1189/835/1189 1188/834/1188
f 1183/828/1183 1182/827/1182 1254/952/1254 1194/845/1194
f 1104/737/1104 1162/802/1162 1197/848/1197 926/585/926
f 1241/931/1241 1255/954/1255 1208/862/1208 1205/859/1205
f 1196/847/1196 1256/955/1256 1183/828/1183 1194/845/1194
f 1207/861/1207 1206/860/1206 1243/935/1243 94/67/94
f 1242/934/1242 1193/844/1193 1195/846/1195 172/115/172
f 1250/944/1250 1129/765/1129 1241/931/1241 1205/859/1205
f 1182/827/1182 773/472/773 1253/948/1253 1254/952/1254
f 102/75/102 60/48/60 103/76/103
f 107/977/107 108/978/108 65/979/65
f 155/104/155 156/105/156 157/106/157
f 161/994/161 162/995/162 163/996/163
f 206/131/206 207/132/207 208/133/208
f 212/1010/212 213/1011/213 214/1012/214
f 263/169/263 264/170/264 265/171/265
f 280/182/280 281/183/281 282/184/282
f 286/1030/286 287/1031/287 288/1032/288
f 305/194/305 306/195/306 307/196/307
f 143/1047/143 315/200/315 144/1048/144
f 137/93/137 139/95/139 317/1049/317
f 235/223/235 362/224/362 233/225/233
f 240/1071/240 239/1072/239 365/1073/365
f 396/247/396 397/248/397 398/249/398
f 415/1095/415 416/1096/416 417/1097/417
f 422/261/422 423/262/423 424/263/424
f 427/1103/427 428/1104/428 429/1105/429
f 453/278/453 454/279/454 105/78/105
f 455/1116/455 111/1117/111 456/1118/456
f 457/280/457 133/89/133 458/281/458
f 459/1119/459 460/1120/460 192/1121/192
f 28/1125/28 306/195/306 29/1126/29
f 372/233/372 371/232/371 425/1138/425
f 379/1139/379 421/1140/421 377/1141/377
f 519/321/519 284/1154/284 283/1155/283
f 523/1156/523 277/179/277 279/181/279
f 531/329/531 532/330/532 533/331/533
f 551/342/551 552/343/552 553/344/553
f 557/1169/557 558/1170/558 559/1171/559
f 580/361/580 581/362/581 582/363/582
f 584/1183/584 585/1184/585 586/1185/586
f 351/218/351 590/368/590 352/219/352
f 358/1190/358 357/1191/357 594/1192/594
f 663/410/663 195/1227/195 664/411/664
f 680/420/680 576/357/576 679/419/679
f 688/423/688 289/185/289 291/187/291
f 689/1252/689 296/1253/296 295/1254/295
f 692/425/692 19/19/19 21/21/21
f 187/1265/187 186/1266/186 418/1267/418
f 701/432/701 702/433/702 178/121/178
f 706/1270/706 183/1271/183 707/1272/707
f 736/450/736 737/451/737 271/177/271
f 739/1286/739 276/1287/276 740/1288/740
f 685/1305/685 308/1306/308 262/168/262
f 67/49/67 69/51/69 399/250/399
f 30/27/30 636/394/636 635/1328/635
f 800/497/800 801/498/801 319/202/319
f 319/202/319 802/499/802 803/500/803
f 804/1341/804 323/1342/323 805/1343/805
f 323/1344/323 806/1345/806 807/1346/807
f 772/471/772 826/512/826 827/513/827
f 252/159/252 633/1381/633 693/1382/693
f 859/536/859 624/1393/624 625/1394/625
f 860/1397/860 623/386/623 622/385/622
f 174/117/174 209/134/209 175/118/175
f 181/1409/181 180/1410/180 215/1411/215
f 196/122/196 45/1415/45 197/1416/197
f 211/136/211 210/135/210 713/545/713
f 216/1417/216 719/1418/719 217/1419/217
f 38/32/38 889/557/889 890/558/890
f 891/1442/891 43/1443/43 892/1444/892
f 194/1456/194 193/1457/193 903/571/903
f 106/79/106 105/78/105 342/352/342
f 110/1461/110 346/1462/346 111/1463/111
f 56/44/56 466/288/466 123/86/123
f 63/1474/63 129/1475/129 472/1476/472
f 929/588/929 930/589/930 405/1484/405
f 931/1486/931 401/252/401 932/1487/932
f 26/1503/26 708/1504/708 27/1505/27
f 955/603/955 956/604/956 866/1513/866
f 957/1515/957 862/538/862 958/1516/958
f 343/213/343 569/354/569 344/214/344
f 568/353/568 342/352/342 969/1534/969
f 348/1535/348 347/1536/347 573/1537/573
f 572/1538/572 970/1539/970 346/1540/346
f 39/33/39 981/1563/981 2/2/2
f 409/283/409 768/468/768 992/627/992
f 413/1582/413 993/1583/993 769/1584/769
f 1008/638/1008 289/185/289 1009/639/1009
f 1010/1613/1010 1011/1614/1011 295/1615/295
f 199/651/199 488/300/488 767/467/767
f 1030/1637/1030 1031/1638/1031 952/1639/952
f 728/663/728 427/1640/427 1032/664/1032
f 735/1641/735 1034/1642/1034 422/261/422
f 285/1645/285 284/1646/284 143/1647/143
f 1038/669/1038 522/324/522 797/496/797
f 278/180/278 137/93/137 279/181/279
f 1039/1652/1039 799/1653/799 525/1654/525
f 57/59/57 782/485/782 82/60/82
f 62/1660/62 88/1661/88 784/1662/784
f 1046/675/1046 950/1680/950 949/1681/949
f 894/563/894 1047/1684/1047 893/562/893
f 1052/681/1052 613/377/613 1053/682/1053
f 658/1738/658 861/537/861 1080/711/1080
f 653/406/653 1081/1741/1081 865/1742/865
f 135/91/135 22/22/22 885/1745/885
f 260/167/260 252/159/252 563/527/563
f 872/543/872 409/256/409 319/202/319
f 874/1783/874 323/1784/323 413/1785/413
f 555/1786/555 554/1787/554 1094/727/1094
f 549/340/549 548/339/548 1096/1789/1096
f 1107/742/1107 190/1841/190 640/396/640
f 153/102/153 1108/1842/1108 687/1843/687
f 335/1849/335 884/554/884 903/1850/903
f 961/1871/961 962/605/962 617/381/617
f 1121/752/1121 1014/753/1014 1012/642/1012
f 895/759/895 521/323/521 520/322/520
f 901/1884/901 524/1885/524 526/1886/526
f 1007/1902/1007 1003/1903/1003 737/451/737
f 1006/637/1006 740/1905/740 1001/635/1001
f 615/379/615 614/378/614 1129/765/1129
f 1025/656/1025 1022/653/1022 1119/750/1119
f 1156/792/1156 1155/791/1155 1005/636/1005
f 1097/793/1097 1152/1968/1152 948/1969/948
f 945/786/945 1150/785/1150 1095/1970/1095
f 125/796/125 124/351/124 404/255/404
f 130/1984/130 407/1985/407 131/1986/131
f 8/8/8 97/70/97 693/1987/693
f 136/92/136 752/2001/752 1160/2002/1160
f 478/295/478 674/417/674 688/423/688
f 482/2008/482 689/2009/689 675/2010/675
f 985/2023/985 1161/801/1161 186/2024/186
f 1166/2042/1166 452/276/452 67/49/67
f 866/2065/866 868/2066/868 145/2067/145
f 862/538/862 138/94/138 863/539/863
f 485/2096/485 297/2097/297 296/2098/296
f 479/297/479 291/187/291 290/186/290
f 953/2110/953 1120/2111/1120 562/347/562
f 660/2115/660 662/2116/662 849/2117/849
f 654/407/654 846/530/846 655/408/655
f 535/2120/535 1043/2121/1043 439/269/439
f 445/2122/445 1042/672/1042 538/671/538
f 90/641/90 1176/821/1176 1012/642/1012
f 353/390/353 630/389/630 786/487/786
f 359/2131/359 789/2132/789 631/2133/631
f 163/2153/163 660/2154/660 658/2155/658
f 156/105/156 653/406/653 654/407/654
f 1083/714/1083 343/213/343 342/212/342
f 1084/2157/1084 346/2158/346 348/2159/348
f 555/2168/555 1147/2169/1147 556/2170/556
f 1144/780/1144 548/339/548 550/341/550
f 753/460/753 752/2215/752 135/91/135
f 663/410/663 757/2218/757 193/2219/193
f 788/518/788 590/368/590 1203/854/1203
f 790/2224/790 1204/2225/1204 594/2226/594
f 97/70/97 954/2228/954 563/348/563
f 911/858/911 1139/2244/1139 908/576/908
f 1140/2245/1140 917/2246/917 914/2247/914
f 1061/2251/1061 814/2252/814 1062/2253/1062
f 1058/687/1058 1060/689/1060 812/747/812
f 379/2261/379 732/754/732 1122/864/1122
f 379/259/379 1122/2262/1122 813/506/813
f 372/233/372 1123/2263/1123 725/2264/725
f 372/2265/372 815/2266/815 1123/2267/1123
f 809/2301/809 6/6/6 463/285/463
f 1118/2304/1118 486/299/486 487/2305/487
f 932/2341/932 59/47/59 403/616/403
f 930/589/930 408/2342/408 66/2343/66
f 952/882/952 77/55/77 338/211/338
f 767/2361/767 340/2362/340 339/2363/339
f 200/125/200 578/359/578 577/358/577
f 244/151/244 492/303/492 242/149/242
f 166/2380/166 139/95/139 862/538/862
f 159/108/159 866/2381/866 144/2382/144
f 398/249/398 397/248/397 1047/2392/1047
f 417/2394/417 416/2395/416 1046/675/1046
f 812/505/812 1113/886/1113 420/260/420
f 814/2396/814 426/2397/426 1115/2398/1115
f 1180/2419/1180 944/2420/944 941/2421/941
f 1179/2424/1179 934/591/934 937/2425/937
f 833/2438/833 1042/2439/1042 539/686/539
f 536/2441/536 1043/820/1043 831/517/831
f 906/574/906 1139/2459/1139 910/898/910
f 1140/2461/1140 913/2462/913 915/2463/915
f 228/2490/228 227/2491/227 647/2492/647
f 223/142/223 643/707/643 221/140/221
f 1142/775/1142 1189/835/1189 775/474/775
f 574/2519/574 1041/2520/1041 110/2521/110
f 571/356/571 106/216/106 1040/2523/1040
f 715/2537/715 717/2538/717 216/2539/216
f 710/436/710 211/136/211 712/811/712
f 389/242/389 837/521/837 1078/709/1078
f 394/2581/394 1079/2582/1079 839/2583/839
f 1179/2589/1179 936/2590/936 935/592/935
f 1180/2591/1180 940/2592/940 942/881/942
f 1026/912/1026 351/2594/351 588/2595/588
f 1029/2598/1029 593/690/593 358/692/358
f 1232/913/1232 774/473/774 1233/914/1233
f 1128/764/1128 1200/851/1200 1052/681/1052
f 1004/824/1004 104/77/104 1002/823/1002
f 1000/2605/1000 999/2606/999 109/2607/109
f 1191/840/1191 1229/906/1229 1192/841/1192
f 1149/782/1149 1191/840/1191 1229/906/1229
f 644/401/644 223/2608/223 222/917/222
f 649/2609/649 229/2610/229 228/901/228
f 1168/813/1168 1049/677/1049 616/380/616
f 589/2613/589 173/116/173 965/607/965
f 592/691/592 967/2614/967 179/2615/179
f 312/2625/312 1204/923/1204 790/2626/790
f 987/876/987 233/225/233 751/2629/751
f 989/2632/989 749/459/749 239/2633/239
f 309/197/309 788/490/788 1203/2634/1203
f 452/276/452 973/613/973 450/274/450
f 388/241/388 1085/715/1085 389/242/389
f 392/2643/392 394/2644/394 1086/2645/1086
f 872/926/872 871/542/871 322/205/322
f 874/2651/874 326/2652/326 873/2653/873
f 545/2681/545 581/362/581 238/2682/238
f 541/336/541 231/144/231 586/2684/586
f 864/540/864 657/2693/657 434/2694/434
f 867/2695/867 430/264/430 651/404/651
f 889/930/889 38/729/38 34/2705/34
f 891/2707/891 16/16/16 43/2708/43
f 1009/639/1009 289/185/289 1217/879/1217
f 1011/2713/1011 1218/2714/1218 295/2715/295
f 565/349/565 953/2724/953 709/2725/709
f 884/554/884 330/207/330 885/555/885
f 580/361/580 1211/871/1211 241/2739/241
f 584/2742/584 234/228/234 1212/2743/1212
f 855/2766/855 661/2767/661 660/2768/660
f 852/533/852 654/407/654 656/409/656
f 921/2773/921 1082/2774/1082 10/10/10
f 974/614/974 696/427/696 71/2775/71
f 645/402/645 220/139/220 391/757/391
f 648/2786/648 395/2787/395 225/2788/225
f 519/321/519 155/104/155 896/567/896
f 523/2796/523 902/2797/902 161/2798/161
f 621/2800/621 620/384/620 617/381/617
f 243/150/243 246/153/246 1198/849/1198
f 1152/2819/1152 760/2820/760 551/342/551
f 759/463/759 1150/785/1150 558/2823/558
f 646/403/646 390/244/390 1078/708/1078
f 650/2839/650 1079/2840/1079 393/2841/393
f 945/786/945 1151/787/1151 559/2843/559
f 553/344/553 1153/2846/1153 948/2847/948
f 1186/831/1186 1024/655/1024 530/328/530
f 1143/779/1143 550/341/550 1145/781/1145
f 1145/781/1145 550/341/550 947/2860/947
f 556/2861/556 1146/2862/1146 1148/2863/1148
f 556/2864/556 1148/2865/1148 946/597/946
f 1250/944/1250 1207/861/1207 1251/945/1251
f 400/251/400 397/248/397 11/11/11
f 419/2881/419 70/2882/70 417/2883/417
f 450/274/450 1157/2897/1157 985/2898/985
f 464/286/464 335/2907/335 465/287/465
f 330/207/330 464/286/464 1117/2912/1117
f 270/176/270 345/215/345 103/76/103
f 274/2926/274 108/2927/108 349/2928/349
f 774/473/774 773/472/773 1182/827/1182
f 528/326/528 1057/684/1057 1234/915/1234
f 266/172/266 1149/782/1149 1228/905/1228
f 1156/792/1156 1005/636/1005 51/39/51
f 358/692/358 179/2964/179 356/2965/356
f 351/2967/351 350/392/350 173/116/173
f 734/2969/734 978/619/978 1210/2970/1210
f 729/449/729 1209/865/1209 980/2972/980
f 1248/941/1248 1202/853/1202 1050/679/1050
f 1076/704/1076 147/2978/147 287/476/287
f 1167/812/1167 93/66/93 246/153/246
f 170/113/170 1188/834/1188 680/420/680
f 1077/2980/1077 282/2981/282 142/98/142
f 1178/932/1178 315/200/315 1127/2995/1127
f 1177/2998/1177 1126/762/1126 317/2999/317
f 1195/846/1195 1254/952/1254 1253/948/1253
f 1200/851/1200 1181/826/1181 826/512/826
f 614/378/614 1232/913/1232 1233/914/1233
f 1249/942/1249 1248/941/1248 1050/679/1050
# 1325 faces

g
